-- MySQL dump 10.13  Distrib 8.0.33, for Linux (x86_64)
--
-- Host: localhost    Database: lewi
-- ------------------------------------------------------
-- Server version	8.0.33-0ubuntu0.22.04.2

/*!40101 SET @OLD_CHARACTER_SET_CLIENT=@@CHARACTER_SET_CLIENT */;
/*!40101 SET @OLD_CHARACTER_SET_RESULTS=@@CHARACTER_SET_RESULTS */;
/*!40101 SET @OLD_COLLATION_CONNECTION=@@COLLATION_CONNECTION */;
/*!50503 SET NAMES utf8mb4 */;
/*!40103 SET @OLD_TIME_ZONE=@@TIME_ZONE */;
/*!40103 SET TIME_ZONE='+00:00' */;
/*!40014 SET @OLD_UNIQUE_CHECKS=@@UNIQUE_CHECKS, UNIQUE_CHECKS=0 */;
/*!40014 SET @OLD_FOREIGN_KEY_CHECKS=@@FOREIGN_KEY_CHECKS, FOREIGN_KEY_CHECKS=0 */;
/*!40101 SET @OLD_SQL_MODE=@@SQL_MODE, SQL_MODE='NO_AUTO_VALUE_ON_ZERO' */;
/*!40111 SET @OLD_SQL_NOTES=@@SQL_NOTES, SQL_NOTES=0 */;

--
-- Table structure for table `TA`
--

DROP TABLE IF EXISTS `TA`;
/*!40101 SET @saved_cs_client     = @@character_set_client */;
/*!50503 SET character_set_client = utf8mb4 */;
CREATE TABLE `TA` (
  `id` int NOT NULL AUTO_INCREMENT,
  `tahun_awal` int NOT NULL,
  `tahun_akhir` int NOT NULL,
  `semester` enum('I','II') NOT NULL,
  PRIMARY KEY (`id`)
) ENGINE=InnoDB AUTO_INCREMENT=2 DEFAULT CHARSET=utf8mb3;
/*!40101 SET character_set_client = @saved_cs_client */;

--
-- Dumping data for table `TA`
--

LOCK TABLES `TA` WRITE;
/*!40000 ALTER TABLE `TA` DISABLE KEYS */;
INSERT INTO `TA` VALUES (1,2022,2023,'I');
/*!40000 ALTER TABLE `TA` ENABLE KEYS */;
UNLOCK TABLES;

--
-- Table structure for table `absensi`
--

DROP TABLE IF EXISTS `absensi`;
/*!40101 SET @saved_cs_client     = @@character_set_client */;
/*!50503 SET character_set_client = utf8mb4 */;
CREATE TABLE `absensi` (
  `id` int NOT NULL AUTO_INCREMENT,
  `fkSiswa` int NOT NULL,
  `fkKelasSiswaTa` int NOT NULL,
  `tgl` date NOT NULL,
  `ket` enum('hadir','sakit','izin','alpa') NOT NULL DEFAULT 'hadir',
  PRIMARY KEY (`id`)
) ENGINE=InnoDB AUTO_INCREMENT=38 DEFAULT CHARSET=utf8mb3;
/*!40101 SET character_set_client = @saved_cs_client */;

--
-- Dumping data for table `absensi`
--

LOCK TABLES `absensi` WRITE;
/*!40000 ALTER TABLE `absensi` DISABLE KEYS */;
INSERT INTO `absensi` VALUES (1,12133001,3,'2023-07-05','hadir'),(2,12133002,4,'2023-07-05','hadir'),(3,12133003,5,'2023-07-05','hadir'),(4,12133007,9,'2023-07-05','hadir'),(5,12133004,6,'2023-07-05','hadir'),(6,12133005,7,'2023-07-05','hadir'),(7,12133006,8,'2023-07-05','hadir'),(8,12133008,10,'2023-07-05','hadir'),(9,12133009,11,'2023-07-05','hadir'),(10,12133010,12,'2023-07-05','hadir'),(11,12133003,5,'2023-08-05','alpa'),(12,12133003,5,'2023-08-05','alpa'),(13,12133003,5,'2023-08-05','alpa'),(14,12133003,5,'2023-08-05','hadir'),(15,12133003,5,'2023-08-05','hadir'),(16,12133003,5,'2023-08-05','hadir'),(17,12133003,5,'2023-08-05','hadir'),(18,12133003,5,'2023-08-05','hadir'),(19,12133003,5,'2023-08-05','hadir'),(20,12133007,9,'2023-08-05','alpa'),(21,12133007,9,'2023-08-05','hadir'),(22,12133007,9,'2023-08-05','hadir'),(23,12133007,9,'2023-08-05','hadir'),(24,12133007,9,'2023-08-05','hadir'),(25,12133007,9,'2023-08-05','hadir'),(26,12133007,9,'2023-08-05','hadir'),(27,12133007,9,'2023-08-05','hadir'),(28,12133007,9,'2023-08-05','hadir'),(29,12133010,12,'2023-08-05','alpa'),(30,12133010,12,'2023-08-05','alpa'),(31,12133010,12,'2023-08-05','hadir'),(32,12133010,12,'2023-08-05','hadir'),(33,12133010,12,'2023-08-05','hadir'),(34,12133010,12,'2023-08-05','hadir'),(35,12133010,12,'2023-08-05','hadir'),(36,12133010,12,'2023-08-05','hadir'),(37,12133010,12,'2023-08-05','hadir');
/*!40000 ALTER TABLE `absensi` ENABLE KEYS */;
UNLOCK TABLES;

--
-- Table structure for table `auth_activation_attempts`
--

DROP TABLE IF EXISTS `auth_activation_attempts`;
/*!40101 SET @saved_cs_client     = @@character_set_client */;
/*!50503 SET character_set_client = utf8mb4 */;
CREATE TABLE `auth_activation_attempts` (
  `id` int unsigned NOT NULL AUTO_INCREMENT,
  `ip_address` varchar(255) NOT NULL,
  `user_agent` varchar(255) NOT NULL,
  `token` varchar(255) DEFAULT NULL,
  `created_at` datetime NOT NULL,
  PRIMARY KEY (`id`)
) ENGINE=InnoDB DEFAULT CHARSET=utf8mb3;
/*!40101 SET character_set_client = @saved_cs_client */;

--
-- Dumping data for table `auth_activation_attempts`
--

LOCK TABLES `auth_activation_attempts` WRITE;
/*!40000 ALTER TABLE `auth_activation_attempts` DISABLE KEYS */;
/*!40000 ALTER TABLE `auth_activation_attempts` ENABLE KEYS */;
UNLOCK TABLES;

--
-- Table structure for table `auth_groups`
--

DROP TABLE IF EXISTS `auth_groups`;
/*!40101 SET @saved_cs_client     = @@character_set_client */;
/*!50503 SET character_set_client = utf8mb4 */;
CREATE TABLE `auth_groups` (
  `id` int unsigned NOT NULL AUTO_INCREMENT,
  `name` varchar(255) NOT NULL,
  `description` varchar(255) NOT NULL,
  PRIMARY KEY (`id`)
) ENGINE=InnoDB AUTO_INCREMENT=4 DEFAULT CHARSET=utf8mb3;
/*!40101 SET character_set_client = @saved_cs_client */;

--
-- Dumping data for table `auth_groups`
--

LOCK TABLES `auth_groups` WRITE;
/*!40000 ALTER TABLE `auth_groups` DISABLE KEYS */;
INSERT INTO `auth_groups` VALUES (1,'admin','kelola data master'),(2,'guru','kelola data siswa per kelas'),(3,'siswa','kelola data pribadi');
/*!40000 ALTER TABLE `auth_groups` ENABLE KEYS */;
UNLOCK TABLES;

--
-- Table structure for table `auth_groups_permissions`
--

DROP TABLE IF EXISTS `auth_groups_permissions`;
/*!40101 SET @saved_cs_client     = @@character_set_client */;
/*!50503 SET character_set_client = utf8mb4 */;
CREATE TABLE `auth_groups_permissions` (
  `group_id` int unsigned NOT NULL DEFAULT '0',
  `permission_id` int unsigned NOT NULL DEFAULT '0',
  KEY `auth_groups_permissions_permission_id_foreign` (`permission_id`),
  KEY `group_id_permission_id` (`group_id`,`permission_id`),
  CONSTRAINT `auth_groups_permissions_group_id_foreign` FOREIGN KEY (`group_id`) REFERENCES `auth_groups` (`id`) ON DELETE CASCADE,
  CONSTRAINT `auth_groups_permissions_permission_id_foreign` FOREIGN KEY (`permission_id`) REFERENCES `auth_permissions` (`id`) ON DELETE CASCADE
) ENGINE=InnoDB DEFAULT CHARSET=utf8mb3;
/*!40101 SET character_set_client = @saved_cs_client */;

--
-- Dumping data for table `auth_groups_permissions`
--

LOCK TABLES `auth_groups_permissions` WRITE;
/*!40000 ALTER TABLE `auth_groups_permissions` DISABLE KEYS */;
/*!40000 ALTER TABLE `auth_groups_permissions` ENABLE KEYS */;
UNLOCK TABLES;

--
-- Table structure for table `auth_groups_users`
--

DROP TABLE IF EXISTS `auth_groups_users`;
/*!40101 SET @saved_cs_client     = @@character_set_client */;
/*!50503 SET character_set_client = utf8mb4 */;
CREATE TABLE `auth_groups_users` (
  `group_id` int unsigned NOT NULL DEFAULT '0',
  `user_id` int unsigned NOT NULL DEFAULT '0',
  KEY `auth_groups_users_user_id_foreign` (`user_id`),
  KEY `group_id_user_id` (`group_id`,`user_id`),
  CONSTRAINT `auth_groups_users_group_id_foreign` FOREIGN KEY (`group_id`) REFERENCES `auth_groups` (`id`) ON DELETE CASCADE,
  CONSTRAINT `auth_groups_users_user_id_foreign` FOREIGN KEY (`user_id`) REFERENCES `users` (`id`) ON DELETE CASCADE
) ENGINE=InnoDB DEFAULT CHARSET=utf8mb3;
/*!40101 SET character_set_client = @saved_cs_client */;

--
-- Dumping data for table `auth_groups_users`
--

LOCK TABLES `auth_groups_users` WRITE;
/*!40000 ALTER TABLE `auth_groups_users` DISABLE KEYS */;
INSERT INTO `auth_groups_users` VALUES (1,1),(2,2),(2,605),(2,606),(3,3),(3,4),(3,5),(3,6),(3,7),(3,8),(3,9),(3,10),(3,11),(3,12),(3,13),(3,14),(3,15),(3,16),(3,17),(3,18),(3,19),(3,20),(3,21),(3,22),(3,23),(3,24),(3,25),(3,26),(3,27),(3,28),(3,29),(3,30),(3,31),(3,32),(3,33),(3,34),(3,35),(3,36),(3,37),(3,38),(3,39),(3,40),(3,41),(3,42),(3,43),(3,44),(3,45),(3,46),(3,47),(3,48),(3,49),(3,50),(3,51),(3,52),(3,53),(3,54),(3,55),(3,56),(3,57),(3,58),(3,59),(3,60),(3,61),(3,62),(3,63),(3,64),(3,65),(3,66),(3,67),(3,68),(3,69),(3,70),(3,71),(3,72),(3,73),(3,74),(3,75),(3,76),(3,77),(3,78),(3,79),(3,80),(3,81),(3,82),(3,83),(3,84),(3,85),(3,86),(3,87),(3,88),(3,89),(3,90),(3,91),(3,92),(3,93),(3,94),(3,95),(3,96),(3,97),(3,98),(3,99),(3,100),(3,101),(3,102),(3,103),(3,104),(3,105),(3,106),(3,107),(3,108),(3,109),(3,110),(3,111),(3,112),(3,113),(3,114),(3,115),(3,116),(3,117),(3,118),(3,119),(3,120),(3,121),(3,122),(3,123),(3,124),(3,125),(3,126),(3,127),(3,128),(3,129),(3,130),(3,131),(3,132),(3,133),(3,134),(3,135),(3,136),(3,137),(3,138),(3,139),(3,140),(3,141),(3,142),(3,143),(3,144),(3,145),(3,146),(3,147),(3,148),(3,149),(3,150),(3,151),(3,152),(3,153),(3,154),(3,155),(3,156),(3,157),(3,158),(3,159),(3,160),(3,161),(3,162),(3,163),(3,164),(3,165),(3,166),(3,167),(3,168),(3,169),(3,170),(3,171),(3,172),(3,173),(3,174),(3,175),(3,176),(3,177),(3,178),(3,179),(3,180),(3,181),(3,182),(3,183),(3,184),(3,185),(3,186),(3,187),(3,188),(3,189),(3,190),(3,191),(3,192),(3,193),(3,194),(3,195),(3,196),(3,197),(3,198),(3,199),(3,200),(3,201),(3,202),(3,203),(3,204),(3,205),(3,206),(3,207),(3,208),(3,209),(3,210),(3,211),(3,212),(3,213),(3,214),(3,215),(3,216),(3,217),(3,218),(3,219),(3,220),(3,221),(3,222),(3,223),(3,224),(3,225),(3,226),(3,227),(3,228),(3,229),(3,230),(3,231),(3,232),(3,233),(3,234),(3,235),(3,236),(3,237),(3,238),(3,239),(3,240),(3,241),(3,242),(3,243),(3,244),(3,245),(3,246),(3,247),(3,248),(3,249),(3,250),(3,251),(3,252),(3,253),(3,254),(3,255),(3,256),(3,257),(3,258),(3,259),(3,260),(3,261),(3,262),(3,263),(3,264),(3,265),(3,266),(3,267),(3,268),(3,269),(3,270),(3,271),(3,272),(3,273),(3,274),(3,275),(3,276),(3,277),(3,278),(3,279),(3,280),(3,281),(3,282),(3,283),(3,284),(3,285),(3,286),(3,287),(3,288),(3,289),(3,290),(3,291),(3,292),(3,293),(3,294),(3,295),(3,296),(3,297),(3,298),(3,299),(3,300),(3,301),(3,302),(3,303),(3,304),(3,305),(3,306),(3,307),(3,308),(3,309),(3,310),(3,311),(3,312),(3,313),(3,314),(3,315),(3,316),(3,317),(3,318),(3,319),(3,320),(3,321),(3,322),(3,323),(3,324),(3,325),(3,326),(3,327),(3,328),(3,329),(3,330),(3,331),(3,332),(3,333),(3,334),(3,335),(3,336),(3,337),(3,338),(3,339),(3,340),(3,341),(3,342),(3,343),(3,344),(3,345),(3,346),(3,347),(3,348),(3,349),(3,350),(3,351),(3,352),(3,353),(3,354),(3,355),(3,356),(3,357),(3,358),(3,359),(3,360),(3,361),(3,362),(3,363),(3,364),(3,365),(3,366),(3,367),(3,368),(3,369),(3,370),(3,371),(3,372),(3,373),(3,374),(3,375),(3,376),(3,377),(3,378),(3,379),(3,380),(3,381),(3,382),(3,383),(3,384),(3,385),(3,386),(3,387),(3,388),(3,389),(3,390),(3,391),(3,392),(3,393),(3,394),(3,395),(3,396),(3,397),(3,398),(3,399),(3,400),(3,401),(3,402),(3,403),(3,404),(3,405),(3,406),(3,407),(3,408),(3,409),(3,410),(3,411),(3,412),(3,413),(3,414),(3,415),(3,416),(3,417),(3,418),(3,419),(3,420),(3,421),(3,422),(3,423),(3,424),(3,425),(3,426),(3,427),(3,428),(3,429),(3,430),(3,431),(3,432),(3,433),(3,434),(3,435),(3,436),(3,437),(3,438),(3,439),(3,440),(3,441),(3,442),(3,443),(3,444),(3,445),(3,446),(3,447),(3,448),(3,449),(3,450),(3,451),(3,452),(3,453),(3,454),(3,455),(3,456),(3,457),(3,458),(3,459),(3,460),(3,461),(3,462),(3,463),(3,464),(3,465),(3,466),(3,467),(3,468),(3,469),(3,470),(3,471),(3,472),(3,473),(3,474),(3,475),(3,476),(3,477),(3,478),(3,479),(3,480),(3,481),(3,482),(3,483),(3,484),(3,485),(3,486),(3,487),(3,488),(3,489),(3,490),(3,491),(3,492),(3,493),(3,494),(3,495),(3,496),(3,497),(3,498),(3,499),(3,500),(3,501),(3,502),(3,503),(3,504),(3,505),(3,506),(3,507),(3,508),(3,509),(3,510),(3,511),(3,512),(3,513),(3,514),(3,515),(3,516),(3,517),(3,518),(3,519),(3,520),(3,521),(3,522),(3,523),(3,524),(3,525),(3,526),(3,527),(3,528),(3,529),(3,530),(3,531),(3,532),(3,533),(3,534),(3,535),(3,536),(3,537),(3,538),(3,539),(3,540),(3,541),(3,542),(3,543),(3,544),(3,545),(3,546),(3,547),(3,548),(3,549),(3,550),(3,551),(3,552),(3,553),(3,554),(3,555),(3,556),(3,557),(3,558),(3,559),(3,560),(3,561),(3,562),(3,563),(3,564),(3,565),(3,566),(3,567),(3,568),(3,569),(3,570),(3,571),(3,572),(3,573),(3,574),(3,575),(3,576),(3,577),(3,578),(3,579),(3,580),(3,581),(3,582),(3,583),(3,584),(3,585),(3,586),(3,587),(3,588),(3,589),(3,590),(3,591),(3,592),(3,593),(3,594),(3,595),(3,596),(3,597),(3,598),(3,599),(3,600),(3,601),(3,602),(3,603),(3,604),(3,607),(3,608),(3,609),(3,610);
/*!40000 ALTER TABLE `auth_groups_users` ENABLE KEYS */;
UNLOCK TABLES;

--
-- Table structure for table `auth_logins`
--

DROP TABLE IF EXISTS `auth_logins`;
/*!40101 SET @saved_cs_client     = @@character_set_client */;
/*!50503 SET character_set_client = utf8mb4 */;
CREATE TABLE `auth_logins` (
  `id` int unsigned NOT NULL AUTO_INCREMENT,
  `ip_address` varchar(255) DEFAULT NULL,
  `email` varchar(255) DEFAULT NULL,
  `user_id` int unsigned DEFAULT NULL,
  `date` datetime NOT NULL,
  `success` tinyint(1) NOT NULL,
  PRIMARY KEY (`id`),
  KEY `email` (`email`),
  KEY `user_id` (`user_id`)
) ENGINE=InnoDB AUTO_INCREMENT=20 DEFAULT CHARSET=utf8mb3;
/*!40101 SET character_set_client = @saved_cs_client */;

--
-- Dumping data for table `auth_logins`
--

LOCK TABLES `auth_logins` WRITE;
/*!40000 ALTER TABLE `auth_logins` DISABLE KEYS */;
INSERT INTO `auth_logins` VALUES (1,'127.0.0.1','admin@demo.com',1,'2023-07-02 02:29:47',1),(2,'127.0.0.1','admin@demo.com',1,'2023-07-03 01:59:13',1),(3,'127.0.0.1','199208132006021001@demo.com',2,'2023-07-03 01:59:27',1),(4,'127.0.0.1','admin@demo.com',1,'2023-07-03 02:10:42',1),(5,'127.0.0.1','admin@demo.com',1,'2023-07-05 21:12:45',1),(6,'127.0.0.1','199208132006021001@demo.com',2,'2023-07-05 21:13:06',1),(7,'127.0.0.1','admin@demo.com',1,'2023-07-05 21:19:32',1),(8,'127.0.0.1','admin@demo.com',1,'2023-07-05 21:20:17',1),(9,'127.0.0.1','199208132006021001@demo.com',2,'2023-07-05 21:20:38',1),(10,'127.0.0.1','admin',NULL,'2023-07-05 21:21:33',0),(11,'127.0.0.1','admin@demo.com',1,'2023-07-05 21:21:39',1),(12,'127.0.0.1','admin@demo.com',1,'2023-07-05 21:48:43',1),(13,'127.0.0.1','199208132006021001@demo.com',2,'2023-07-05 22:01:32',1),(14,'127.0.0.1','admin@demo.com',1,'2023-07-05 22:03:29',1),(15,'127.0.0.1','199208132006021001@demo.com',2,'2023-07-05 23:20:33',1),(16,'127.0.0.1','admin@demo.com',1,'2023-07-05 23:33:19',1),(17,'127.0.0.1','admin@demo.com',1,'2023-07-06 05:38:07',1),(18,'127.0.0.1','admin@demo.com',1,'2023-07-07 23:45:08',1),(19,'127.0.0.1','admin@demo.com',1,'2023-07-07 23:47:22',1);
/*!40000 ALTER TABLE `auth_logins` ENABLE KEYS */;
UNLOCK TABLES;

--
-- Table structure for table `auth_permissions`
--

DROP TABLE IF EXISTS `auth_permissions`;
/*!40101 SET @saved_cs_client     = @@character_set_client */;
/*!50503 SET character_set_client = utf8mb4 */;
CREATE TABLE `auth_permissions` (
  `id` int unsigned NOT NULL AUTO_INCREMENT,
  `name` varchar(255) NOT NULL,
  `description` varchar(255) NOT NULL,
  PRIMARY KEY (`id`)
) ENGINE=InnoDB DEFAULT CHARSET=utf8mb3;
/*!40101 SET character_set_client = @saved_cs_client */;

--
-- Dumping data for table `auth_permissions`
--

LOCK TABLES `auth_permissions` WRITE;
/*!40000 ALTER TABLE `auth_permissions` DISABLE KEYS */;
/*!40000 ALTER TABLE `auth_permissions` ENABLE KEYS */;
UNLOCK TABLES;

--
-- Table structure for table `auth_reset_attempts`
--

DROP TABLE IF EXISTS `auth_reset_attempts`;
/*!40101 SET @saved_cs_client     = @@character_set_client */;
/*!50503 SET character_set_client = utf8mb4 */;
CREATE TABLE `auth_reset_attempts` (
  `id` int unsigned NOT NULL AUTO_INCREMENT,
  `email` varchar(255) NOT NULL,
  `ip_address` varchar(255) NOT NULL,
  `user_agent` varchar(255) NOT NULL,
  `token` varchar(255) DEFAULT NULL,
  `created_at` datetime NOT NULL,
  PRIMARY KEY (`id`)
) ENGINE=InnoDB DEFAULT CHARSET=utf8mb3;
/*!40101 SET character_set_client = @saved_cs_client */;

--
-- Dumping data for table `auth_reset_attempts`
--

LOCK TABLES `auth_reset_attempts` WRITE;
/*!40000 ALTER TABLE `auth_reset_attempts` DISABLE KEYS */;
/*!40000 ALTER TABLE `auth_reset_attempts` ENABLE KEYS */;
UNLOCK TABLES;

--
-- Table structure for table `auth_tokens`
--

DROP TABLE IF EXISTS `auth_tokens`;
/*!40101 SET @saved_cs_client     = @@character_set_client */;
/*!50503 SET character_set_client = utf8mb4 */;
CREATE TABLE `auth_tokens` (
  `id` int unsigned NOT NULL AUTO_INCREMENT,
  `selector` varchar(255) NOT NULL,
  `hashedValidator` varchar(255) NOT NULL,
  `user_id` int unsigned NOT NULL,
  `expires` datetime NOT NULL,
  PRIMARY KEY (`id`),
  KEY `auth_tokens_user_id_foreign` (`user_id`),
  KEY `selector` (`selector`),
  CONSTRAINT `auth_tokens_user_id_foreign` FOREIGN KEY (`user_id`) REFERENCES `users` (`id`) ON DELETE CASCADE
) ENGINE=InnoDB DEFAULT CHARSET=utf8mb3;
/*!40101 SET character_set_client = @saved_cs_client */;

--
-- Dumping data for table `auth_tokens`
--

LOCK TABLES `auth_tokens` WRITE;
/*!40000 ALTER TABLE `auth_tokens` DISABLE KEYS */;
/*!40000 ALTER TABLE `auth_tokens` ENABLE KEYS */;
UNLOCK TABLES;

--
-- Table structure for table `auth_users_permissions`
--

DROP TABLE IF EXISTS `auth_users_permissions`;
/*!40101 SET @saved_cs_client     = @@character_set_client */;
/*!50503 SET character_set_client = utf8mb4 */;
CREATE TABLE `auth_users_permissions` (
  `user_id` int unsigned NOT NULL DEFAULT '0',
  `permission_id` int unsigned NOT NULL DEFAULT '0',
  KEY `auth_users_permissions_permission_id_foreign` (`permission_id`),
  KEY `user_id_permission_id` (`user_id`,`permission_id`),
  CONSTRAINT `auth_users_permissions_permission_id_foreign` FOREIGN KEY (`permission_id`) REFERENCES `auth_permissions` (`id`) ON DELETE CASCADE,
  CONSTRAINT `auth_users_permissions_user_id_foreign` FOREIGN KEY (`user_id`) REFERENCES `users` (`id`) ON DELETE CASCADE
) ENGINE=InnoDB DEFAULT CHARSET=utf8mb3;
/*!40101 SET character_set_client = @saved_cs_client */;

--
-- Dumping data for table `auth_users_permissions`
--

LOCK TABLES `auth_users_permissions` WRITE;
/*!40000 ALTER TABLE `auth_users_permissions` DISABLE KEYS */;
/*!40000 ALTER TABLE `auth_users_permissions` ENABLE KEYS */;
UNLOCK TABLES;

--
-- Table structure for table `guru`
--

DROP TABLE IF EXISTS `guru`;
/*!40101 SET @saved_cs_client     = @@character_set_client */;
/*!50503 SET character_set_client = utf8mb4 */;
CREATE TABLE `guru` (
  `nip` varchar(18) NOT NULL,
  `nama` varchar(30) NOT NULL,
  `gol` enum('I','II','III','IV') NOT NULL,
  `ruang` enum('a','b','c','d') NOT NULL,
  `tempt_lahir` varchar(30) NOT NULL,
  `tgl_lahir` date NOT NULL,
  `jk` enum('Laki-laki','Perempuan') NOT NULL,
  `telp` varchar(16) NOT NULL,
  PRIMARY KEY (`nip`)
) ENGINE=InnoDB DEFAULT CHARSET=utf8mb3;
/*!40101 SET character_set_client = @saved_cs_client */;

--
-- Dumping data for table `guru`
--

LOCK TABLES `guru` WRITE;
/*!40000 ALTER TABLE `guru` DISABLE KEYS */;
INSERT INTO `guru` VALUES ('199208132006021001','Aldi Arisandy','IV','a','Toraja','1992-08-13','Laki-laki','082238204776'),('199208132006022001','Lanang Marpaung','II','a','Langsa','1990-01-10','Laki-laki','(+62) 771 4792 3'),('199208132006022002','Kartika Wahyuni S.T.','II','a','Bengkulu','1991-09-22','Laki-laki','0548 1143 8562'),('199208132006022003','Vicky Mulyani','II','a','Samarinda','1973-10-24','Laki-laki','0823 6168 9606'),('199208132006022004','Anastasia Mulyani S.H.','II','a','Padang','1990-10-16','Laki-laki','0205 9118 5593'),('199208132006022005','Sari Mandasari','II','a','Batu','1981-04-21','Laki-laki','0965 1788 201'),('199208132006022006','Damar Raden Iswahyudi S.IP','II','a','Sawahlunto','1978-03-06','Laki-laki','0464 7272 5210'),('199208132006022007','Sakura Lestari','II','a','Sukabumi','1982-02-19','Laki-laki','(+62) 667 6682 7'),('199208132006022008','Empluk Hasan Wibowo S.Ked','II','a','Ambon','1984-01-14','Laki-laki','0465 1713 576'),('199208132006022009','Atmaja Olga Situmorang M.Farm','II','a','Malang','1981-01-25','Laki-laki','0618 3731 6529'),('199208132006022010','Ellis Handayani M.Pd','II','a','Bandung','1978-02-10','Laki-laki','(+62) 777 9138 3'),('199208132006022011','Laila Hana Anggraini M.M.','II','a','Bontang','1987-07-18','Laki-laki','(+62) 320 5192 1'),('199208132006022012','Capa Suwarno','II','a','Tual','1977-04-02','Laki-laki','0407 5605 145'),('199208132006022013','Galar Bakianto Hardiansyah S.I','II','a','Kotamobagu','1983-08-15','Laki-laki','0699 2964 149'),('199208132006022014','Mila Anggraini','II','a','Kediri','1982-04-19','Laki-laki','0887 7393 612'),('199208132006022015','Cawuk Sirait','II','a','Tangerang Selatan','1983-01-26','Laki-laki','(+62) 236 7662 5'),('199208132006031001','Maya Wastuti','II','a','Administrasi Jakarta Pusat','1990-09-25','Perempuan','(+62) 463 8687 6'),('199208132006031002','Eli Oktaviani S.I.Kom','II','a','Cirebon','1984-11-03','Perempuan','(+62) 27 3397 85'),('199208132006031003','Latika Agustina','II','a','Sibolga','1979-11-28','Perempuan','0573 9583 8527'),('199208132006031004','Gadang Tirtayasa Pangestu','II','a','Payakumbuh','1982-01-19','Perempuan','(+62) 648 1672 8'),('199208132006031005','Taufik Situmorang','II','a','Malang','1987-10-02','Perempuan','0897 236 154'),('199208132006031006','Usyi Aryani','II','a','Sorong','1992-02-01','Perempuan','(+62) 292 2967 9'),('199208132006031007','Emin Permadi S.H.','II','a','Serang','1980-09-18','Perempuan','0748 0900 1090'),('199208132006031008','Widya Puspita S.IP','II','a','Pontianak','1986-10-11','Perempuan','(+62) 750 9416 4'),('199208132006031009','Ayu Kusmawati','II','a','Ambon','1982-05-03','Perempuan','022 1476 065'),('199208132006031010','Jinawi Rajata','II','a','Palembang','1992-08-25','Perempuan','0850 357 860'),('199208132006031011','Carub Wasita S.E.I','II','a','Tangerang Selatan','1976-01-18','Perempuan','0363 3134 7524'),('199208132006031012','Wirda Namaga','II','a','Cimahi','1980-11-27','Perempuan','0869 8095 668'),('199208132006031013','Warsa Tampubolon','II','a','Bima','1974-11-13','Perempuan','0560 6775 745'),('199208132006031014','Zelaya Handayani','II','a','Lhokseumawe','1978-12-05','Perempuan','0635 7450 586'),('199208132006031015','Ratih Rahmawati M.Pd','II','a','Pematangsiantar','1993-03-09','Perempuan','(+62) 821 2150 9');
/*!40000 ALTER TABLE `guru` ENABLE KEYS */;
UNLOCK TABLES;

--
-- Table structure for table `kelas`
--

DROP TABLE IF EXISTS `kelas`;
/*!40101 SET @saved_cs_client     = @@character_set_client */;
/*!50503 SET character_set_client = utf8mb4 */;
CREATE TABLE `kelas` (
  `id` int NOT NULL AUTO_INCREMENT,
  `tingkat` enum('X','XI','XII') NOT NULL,
  `jurusan` enum('IPA','IPS','Bahasa') NOT NULL,
  `kode` char(1) NOT NULL,
  PRIMARY KEY (`id`)
) ENGINE=InnoDB AUTO_INCREMENT=26 DEFAULT CHARSET=utf8mb3;
/*!40101 SET character_set_client = @saved_cs_client */;

--
-- Dumping data for table `kelas`
--

LOCK TABLES `kelas` WRITE;
/*!40000 ALTER TABLE `kelas` DISABLE KEYS */;
INSERT INTO `kelas` VALUES (1,'X','','1'),(2,'X','','2'),(3,'X','','3'),(4,'X','','4'),(5,'X','','5'),(6,'X','','6'),(7,'X','','7'),(8,'XI','IPA','1'),(9,'XI','IPA','2'),(10,'XI','IPA','3'),(11,'XI','IPS','1'),(12,'XI','IPS','2'),(13,'XI','IPS','3'),(14,'XI','Bahasa','1'),(15,'XI','Bahasa','2'),(16,'XI','Bahasa','3'),(17,'XII','IPA','1'),(18,'XII','IPA','2'),(19,'XII','IPA','3'),(20,'XII','IPS','1'),(21,'XII','IPS','2'),(22,'XII','IPS','3'),(23,'XII','Bahasa','1'),(24,'XII','Bahasa','2'),(25,'XII','Bahasa','3');
/*!40000 ALTER TABLE `kelas` ENABLE KEYS */;
UNLOCK TABLES;

--
-- Table structure for table `kelas_siswa_ta`
--

DROP TABLE IF EXISTS `kelas_siswa_ta`;
/*!40101 SET @saved_cs_client     = @@character_set_client */;
/*!50503 SET character_set_client = utf8mb4 */;
CREATE TABLE `kelas_siswa_ta` (
  `id` int NOT NULL AUTO_INCREMENT,
  `fkKelas` int NOT NULL,
  `fkSiswa` varchar(10) NOT NULL,
  `peringkat` int NOT NULL,
  `fkTA` int NOT NULL,
  PRIMARY KEY (`id`)
) ENGINE=InnoDB AUTO_INCREMENT=43 DEFAULT CHARSET=utf8mb3;
/*!40101 SET character_set_client = @saved_cs_client */;

--
-- Dumping data for table `kelas_siswa_ta`
--

LOCK TABLES `kelas_siswa_ta` WRITE;
/*!40000 ALTER TABLE `kelas_siswa_ta` DISABLE KEYS */;
INSERT INTO `kelas_siswa_ta` VALUES (1,1,'12123001',2,1),(2,1,'12123002',1,1),(3,8,'12133001',1,1),(4,8,'12133002',3,1),(5,8,'12133003',2,1),(6,9,'12133004',2,1),(7,9,'12133005',3,1),(8,9,'12133006',4,1),(9,9,'12133007',1,1),(10,10,'12133008',1,1),(11,10,'12133009',2,1),(12,10,'12133010',3,1),(33,11,'12134001',1,1),(34,11,'12134002',3,1),(35,11,'12134003',2,1),(36,12,'12134004',1,1),(37,12,'12134005',2,1),(38,12,'12134006',3,1),(39,13,'12134007',1,1),(40,13,'12134008',2,1),(41,13,'12134009',3,1),(42,13,'12134010',4,1);
/*!40000 ALTER TABLE `kelas_siswa_ta` ENABLE KEYS */;
UNLOCK TABLES;

--
-- Table structure for table `kriteria`
--

DROP TABLE IF EXISTS `kriteria`;
/*!40101 SET @saved_cs_client     = @@character_set_client */;
/*!50503 SET character_set_client = utf8mb4 */;
CREATE TABLE `kriteria` (
  `id` int NOT NULL AUTO_INCREMENT,
  `kriteria` varchar(30) NOT NULL,
  `bobot_prestasi` int NOT NULL,
  `bobot_beasiswa` int NOT NULL,
  PRIMARY KEY (`id`)
) ENGINE=InnoDB AUTO_INCREMENT=9 DEFAULT CHARSET=utf8mb3;
/*!40101 SET character_set_client = @saved_cs_client */;

--
-- Dumping data for table `kriteria`
--

LOCK TABLES `kriteria` WRITE;
/*!40000 ALTER TABLE `kriteria` DISABLE KEYS */;
INSERT INTO `kriteria` VALUES (1,'peringkat kelas',27,24),(2,'nilai semester',52,41),(3,'kehadiran',15,0),(4,'pelanggaran',6,0),(5,'penghasilan ortu',0,16),(6,'tanggungan ortu',0,10),(7,'jarak rumah ke sekolah',0,3),(8,'status rumah',0,6);
/*!40000 ALTER TABLE `kriteria` ENABLE KEYS */;
UNLOCK TABLES;

--
-- Table structure for table `mapel`
--

DROP TABLE IF EXISTS `mapel`;
/*!40101 SET @saved_cs_client     = @@character_set_client */;
/*!50503 SET character_set_client = utf8mb4 */;
CREATE TABLE `mapel` (
  `id` int NOT NULL AUTO_INCREMENT,
  `pelajaran` varchar(30) NOT NULL,
  `jurusan` enum('Umum','IPA','IPS','Bahasa') NOT NULL,
  PRIMARY KEY (`id`)
) ENGINE=InnoDB AUTO_INCREMENT=18 DEFAULT CHARSET=utf8mb3;
/*!40101 SET character_set_client = @saved_cs_client */;

--
-- Dumping data for table `mapel`
--

LOCK TABLES `mapel` WRITE;
/*!40000 ALTER TABLE `mapel` DISABLE KEYS */;
INSERT INTO `mapel` VALUES (1,'Agama','Umum'),(2,'Pendidikan Kewarganegaraan','Umum'),(3,'Bahasa Indonesia','Umum'),(4,'Matematika','Umum'),(5,'Bahasa Inggris','Umum'),(6,'Seni dan Prakarya','Umum'),(7,'Pendidikan Jasmani','Umum'),(8,'Fisika','IPA'),(9,'Biologi','IPA'),(10,'Kimia','IPA'),(11,'Sejarah','IPS'),(12,'Geografi','IPS'),(13,'Ekonomi','IPS'),(14,'Sosiologi','IPS'),(15,'Bahasa Inggris','Bahasa'),(16,'Bahasa Mandarin','Bahasa'),(17,'Bahasa Jerman','Bahasa');
/*!40000 ALTER TABLE `mapel` ENABLE KEYS */;
UNLOCK TABLES;

--
-- Table structure for table `migrations`
--

DROP TABLE IF EXISTS `migrations`;
/*!40101 SET @saved_cs_client     = @@character_set_client */;
/*!50503 SET character_set_client = utf8mb4 */;
CREATE TABLE `migrations` (
  `id` bigint unsigned NOT NULL AUTO_INCREMENT,
  `version` varchar(255) NOT NULL,
  `class` varchar(255) NOT NULL,
  `group` varchar(255) NOT NULL,
  `namespace` varchar(255) NOT NULL,
  `time` int NOT NULL,
  `batch` int unsigned NOT NULL,
  PRIMARY KEY (`id`)
) ENGINE=InnoDB AUTO_INCREMENT=14 DEFAULT CHARSET=utf8mb3;
/*!40101 SET character_set_client = @saved_cs_client */;

--
-- Dumping data for table `migrations`
--

LOCK TABLES `migrations` WRITE;
/*!40000 ALTER TABLE `migrations` DISABLE KEYS */;
INSERT INTO `migrations` VALUES (1,'2017-11-20-223112','App\\Database\\Migrations\\CreateAuthTables','default','App',1688264797,1),(2,'2023-05-21-020916','App\\Database\\Migrations\\Siswa','default','App',1688264797,1),(3,'2023-05-21-022640','App\\Database\\Migrations\\Kelas','default','App',1688264797,1),(4,'2023-05-21-033214','App\\Database\\Migrations\\Guru','default','App',1688264797,1),(5,'2023-05-21-040146','App\\Database\\Migrations\\WaliKelas','default','App',1688264797,1),(6,'2023-05-21-040259','App\\Database\\Migrations\\Absensi','default','App',1688264797,1),(7,'2023-05-21-040338','App\\Database\\Migrations\\Mapel','default','App',1688264797,1),(8,'2023-05-21-040352','App\\Database\\Migrations\\Pelanggaran','default','App',1688264797,1),(9,'2023-05-21-040445','App\\Database\\Migrations\\ThnAjaran','default','App',1688264797,1),(10,'2023-05-21-040506','App\\Database\\Migrations\\NilaiSemester','default','App',1688264797,1),(11,'2023-05-21-040542','App\\Database\\Migrations\\PelanggaranSiswa','default','App',1688264797,1),(12,'2023-05-21-040609','App\\Database\\Migrations\\Kriteria','default','App',1688264797,1),(13,'2023-05-21-070140','App\\Database\\Migrations\\KelasSiswa','default','App',1688264797,1);
/*!40000 ALTER TABLE `migrations` ENABLE KEYS */;
UNLOCK TABLES;

--
-- Table structure for table `nilai`
--

DROP TABLE IF EXISTS `nilai`;
/*!40101 SET @saved_cs_client     = @@character_set_client */;
/*!50503 SET character_set_client = utf8mb4 */;
CREATE TABLE `nilai` (
  `id` int NOT NULL AUTO_INCREMENT,
  `fkSiswa` int NOT NULL,
  `fkKelas` int NOT NULL,
  `fkMapel` int NOT NULL,
  `nilai` int NOT NULL,
  PRIMARY KEY (`id`)
) ENGINE=InnoDB AUTO_INCREMENT=218 DEFAULT CHARSET=utf8mb3;
/*!40101 SET character_set_client = @saved_cs_client */;

--
-- Dumping data for table `nilai`
--

LOCK TABLES `nilai` WRITE;
/*!40000 ALTER TABLE `nilai` DISABLE KEYS */;
INSERT INTO `nilai` VALUES (1,12123002,1,1,90),(2,12123002,1,2,0),(3,12123002,1,3,0),(4,12123002,1,4,0),(5,12123002,1,5,0),(6,12123002,1,6,0),(7,12123002,1,7,0),(8,12133001,8,1,95),(9,12133001,8,2,95),(10,12133001,8,3,95),(11,12133001,8,4,95),(12,12133001,8,5,95),(13,12133001,8,6,95),(14,12133001,8,7,95),(15,12133001,8,8,95),(16,12133001,8,9,95),(17,12133001,8,10,95),(18,12133002,8,1,80),(19,12133002,8,2,80),(20,12133002,8,3,80),(21,12133002,8,4,80),(22,12133002,8,5,80),(23,12133002,8,6,80),(24,12133002,8,7,80),(25,12133002,8,8,80),(26,12133002,8,9,80),(27,12133002,8,10,80),(28,12133003,8,1,90),(29,12133003,8,2,90),(30,12133003,8,3,90),(31,12133003,8,4,90),(32,12133003,8,5,90),(33,12133003,8,6,90),(34,12133003,8,7,90),(35,12133003,8,8,90),(36,12133003,8,9,90),(37,12133003,8,10,90),(38,12133004,9,1,90),(39,12133004,9,2,90),(40,12133004,9,3,90),(41,12133004,9,4,90),(42,12133004,9,5,90),(43,12133004,9,6,90),(44,12133004,9,7,90),(45,12133004,9,8,90),(46,12133004,9,9,90),(47,12133004,9,10,90),(48,12133005,9,1,80),(49,12133005,9,2,80),(50,12133005,9,3,80),(51,12133005,9,4,80),(52,12133005,9,5,80),(53,12133005,9,6,80),(54,12133005,9,7,80),(55,12133005,9,8,80),(56,12133005,9,9,80),(57,12133005,9,10,80),(58,12133006,9,1,75),(59,12133006,9,2,75),(60,12133006,9,3,75),(61,12133006,9,4,75),(62,12133006,9,5,75),(63,12133006,9,6,75),(64,12133006,9,7,75),(65,12133006,9,8,75),(66,12133006,9,9,75),(67,12133006,9,10,75),(68,12133007,9,1,95),(69,12133007,9,2,95),(70,12133007,9,3,95),(71,12133007,9,4,95),(72,12133007,9,5,95),(73,12133007,9,6,95),(74,12133007,9,7,95),(75,12133007,9,8,95),(76,12133007,9,9,95),(77,12133007,9,10,95),(78,12133008,10,1,85),(79,12133008,10,2,85),(80,12133008,10,3,85),(81,12133008,10,4,85),(82,12133008,10,5,85),(83,12133008,10,6,85),(84,12133008,10,7,85),(85,12133008,10,8,85),(86,12133008,10,9,85),(87,12133008,10,10,85),(88,12133009,10,1,80),(89,12133009,10,2,80),(90,12133009,10,3,80),(91,12133009,10,4,80),(92,12133009,10,5,80),(93,12133009,10,6,80),(94,12133009,10,7,80),(95,12133009,10,8,80),(96,12133009,10,9,80),(97,12133009,10,10,80),(98,12133010,10,1,80),(99,12133010,10,2,80),(100,12133010,10,3,80),(101,12133010,10,4,80),(102,12133010,10,5,80),(103,12133010,10,6,80),(104,12133010,10,7,80),(105,12133010,10,8,80),(106,12133010,10,9,80),(107,12133010,10,10,80),(108,12134003,11,1,90),(109,12134003,11,2,90),(110,12134003,11,3,90),(111,12134003,11,4,90),(112,12134003,11,5,90),(113,12134003,11,6,90),(114,12134003,11,7,90),(115,12134003,11,11,90),(116,12134003,11,12,90),(117,12134003,11,13,90),(118,12134003,11,14,90),(119,12134001,11,1,95),(120,12134001,11,2,95),(121,12134001,11,3,95),(122,12134001,11,4,95),(123,12134001,11,5,95),(124,12134001,11,6,95),(125,12134001,11,7,95),(126,12134001,11,11,95),(127,12134001,11,12,95),(128,12134001,11,13,95),(129,12134001,11,14,95),(130,12134002,11,1,80),(131,12134002,11,2,80),(132,12134002,11,3,80),(133,12134002,11,4,80),(134,12134002,11,5,80),(135,12134002,11,6,80),(136,12134002,11,7,80),(137,12134002,11,11,80),(138,12134002,11,12,80),(139,12134002,11,13,80),(140,12134002,11,14,80),(141,12134004,12,1,90),(142,12134004,12,2,90),(143,12134004,12,3,90),(144,12134004,12,4,90),(145,12134004,12,5,90),(146,12134004,12,6,90),(147,12134004,12,7,90),(148,12134004,12,11,90),(149,12134004,12,12,90),(150,12134004,12,13,90),(151,12134004,12,14,90),(152,12134005,12,1,80),(153,12134005,12,2,80),(154,12134005,12,3,80),(155,12134005,12,4,80),(156,12134005,12,5,80),(157,12134005,12,6,80),(158,12134005,12,7,80),(159,12134005,12,11,80),(160,12134005,12,12,80),(161,12134005,12,13,80),(162,12134005,12,14,80),(163,12134006,12,1,75),(164,12134006,12,2,75),(165,12134006,12,3,75),(166,12134006,12,4,75),(167,12134006,12,5,75),(168,12134006,12,6,75),(169,12134006,12,7,75),(170,12134006,12,11,75),(171,12134006,12,12,75),(172,12134006,12,13,75),(173,12134006,12,14,75),(174,12134009,13,1,80),(175,12134009,13,2,80),(176,12134009,13,3,80),(177,12134009,13,4,80),(178,12134009,13,5,80),(179,12134009,13,6,80),(180,12134009,13,7,80),(181,12134009,13,11,80),(182,12134009,13,12,80),(183,12134009,13,13,80),(184,12134009,13,14,80),(185,12134010,13,1,75),(186,12134010,13,2,75),(187,12134010,13,3,75),(188,12134010,13,4,75),(189,12134010,13,5,75),(190,12134010,13,6,75),(191,12134010,13,7,75),(192,12134010,13,11,75),(193,12134010,13,12,75),(194,12134010,13,13,75),(195,12134010,13,14,75),(196,12134007,13,1,95),(197,12134007,13,2,95),(198,12134007,13,3,95),(199,12134007,13,4,95),(200,12134007,13,5,95),(201,12134007,13,6,95),(202,12134007,13,7,95),(203,12134007,13,11,95),(204,12134007,13,12,95),(205,12134007,13,13,95),(206,12134007,13,14,95),(207,12134008,13,1,85),(208,12134008,13,2,85),(209,12134008,13,3,85),(210,12134008,13,4,85),(211,12134008,13,5,85),(212,12134008,13,6,85),(213,12134008,13,7,85),(214,12134008,13,11,85),(215,12134008,13,12,85),(216,12134008,13,13,85),(217,12134008,13,14,85);
/*!40000 ALTER TABLE `nilai` ENABLE KEYS */;
UNLOCK TABLES;

--
-- Table structure for table `pelanggaran`
--

DROP TABLE IF EXISTS `pelanggaran`;
/*!40101 SET @saved_cs_client     = @@character_set_client */;
/*!50503 SET character_set_client = utf8mb4 */;
CREATE TABLE `pelanggaran` (
  `id` int NOT NULL AUTO_INCREMENT,
  `nama` text NOT NULL,
  `jenis` varchar(50) NOT NULL,
  `skor` int NOT NULL,
  `ket` text NOT NULL,
  PRIMARY KEY (`id`)
) ENGINE=InnoDB AUTO_INCREMENT=9 DEFAULT CHARSET=utf8mb3;
/*!40101 SET character_set_client = @saved_cs_client */;

--
-- Dumping data for table `pelanggaran`
--

LOCK TABLES `pelanggaran` WRITE;
/*!40000 ALTER TABLE `pelanggaran` DISABLE KEYS */;
INSERT INTO `pelanggaran` VALUES (1,'Tidak masuk sekolah tanpa keterangan (alpa)','kerajinan',8,'Pembinaan Oleh Wali Kelas/Guru BP'),(2,'Tidak mengikuti doa/ibadah pagi, dan lainnya','kerajinan',8,'Pembinaan Oleh Wali Kelas/Guru BP'),(3,'Tidak memasukkan baju (kecuali jam olahraga)','kerapihan',4,'Peringatan Oleh Wali Kelas/Guru BP'),(4,'Tidak memakai kaos kaki','kerapihan',8,'Peringatan Oleh Wali Kelas/Guru BP'),(5,'Mabuk/ membawa minuman keras','sikap dan perilaku',100,'Dikeluarkan dari sekolah'),(6,'Membawa/ mengedarkan narkoba, obat/ zat aditif lainnya','sikap dan perilaku',100,'Dikeluarkan dari sekolah'),(7,'Tidak setia kawan','sikap dan perilaku',2,'tidak setia kawan'),(8,'Tidak mengikuti kegiatan ekstrakulikuler','Kerajinan',5,'pembinaan oleh wali kelas/guru BP');
/*!40000 ALTER TABLE `pelanggaran` ENABLE KEYS */;
UNLOCK TABLES;

--
-- Table structure for table `pelanggaran_siswa`
--

DROP TABLE IF EXISTS `pelanggaran_siswa`;
/*!40101 SET @saved_cs_client     = @@character_set_client */;
/*!50503 SET character_set_client = utf8mb4 */;
CREATE TABLE `pelanggaran_siswa` (
  `id` int NOT NULL AUTO_INCREMENT,
  `fkSiswa` int NOT NULL,
  `fkPelanggaran` int NOT NULL,
  `tgl` datetime NOT NULL,
  PRIMARY KEY (`id`)
) ENGINE=InnoDB AUTO_INCREMENT=49 DEFAULT CHARSET=utf8mb3;
/*!40101 SET character_set_client = @saved_cs_client */;

--
-- Dumping data for table `pelanggaran_siswa`
--

LOCK TABLES `pelanggaran_siswa` WRITE;
/*!40000 ALTER TABLE `pelanggaran_siswa` DISABLE KEYS */;
INSERT INTO `pelanggaran_siswa` VALUES (1,12133001,1,'2023-07-05 21:22:46'),(2,12133001,2,'2023-07-05 21:22:52'),(3,12133001,3,'2023-07-05 21:22:57'),(4,12133002,1,'2023-07-05 21:25:54'),(5,12133002,2,'2023-07-05 21:25:58'),(6,12133002,3,'2023-07-05 21:26:02'),(7,12133002,4,'2023-07-05 21:26:06'),(8,12133002,7,'2023-07-05 21:26:11'),(9,12133003,1,'2023-07-05 21:27:09'),(10,12133003,2,'2023-07-05 21:27:15'),(11,12133003,3,'2023-07-05 21:27:18'),(12,12133004,1,'2023-07-05 21:27:55'),(13,12133004,7,'2023-07-05 21:28:00'),(14,12133005,1,'2023-07-05 21:30:00'),(15,12133005,7,'2023-07-05 21:30:14'),(16,12133005,8,'2023-07-05 21:30:24'),(17,12133006,1,'2023-07-05 21:30:47'),(18,12133006,2,'2023-07-05 21:30:50'),(19,12133006,3,'2023-07-05 21:30:54'),(20,12133006,8,'2023-07-05 21:30:59'),(21,12133006,8,'2023-07-05 21:31:01'),(22,12133006,8,'2023-07-05 21:31:10'),(23,12133006,8,'2023-07-05 21:31:12'),(24,12133007,1,'2023-07-05 21:31:31'),(25,12133007,2,'2023-07-05 21:31:34'),(26,12133007,3,'2023-07-05 21:31:40'),(27,12133007,8,'2023-07-05 21:31:46'),(28,12133007,8,'2023-07-05 21:31:47'),(29,12133008,1,'2023-07-05 21:32:17'),(30,12133008,2,'2023-07-05 21:32:20'),(31,12133008,3,'2023-07-05 21:32:23'),(32,12133009,1,'2023-07-05 21:32:41'),(33,12133009,2,'2023-07-05 21:32:44'),(34,12133009,3,'2023-07-05 21:32:48'),(35,12133009,1,'2023-07-05 21:32:52'),(36,12133009,2,'2023-07-05 21:32:55'),(37,12133009,3,'2023-07-05 21:32:59'),(38,12133009,8,'2023-07-05 21:33:03'),(39,12133009,8,'2023-07-05 21:33:04'),(40,12133010,1,'2023-07-05 21:33:25'),(41,12133010,1,'2023-07-05 21:33:26'),(42,12133010,1,'2023-07-05 21:33:30'),(43,12133010,2,'2023-07-05 21:33:37'),(44,12133010,2,'2023-07-05 21:33:38'),(45,12133010,2,'2023-07-05 21:33:39'),(46,12133010,3,'2023-07-05 21:33:48'),(47,12133010,3,'2023-07-05 21:33:49'),(48,12133010,3,'2023-07-05 21:33:51');
/*!40000 ALTER TABLE `pelanggaran_siswa` ENABLE KEYS */;
UNLOCK TABLES;

--
-- Table structure for table `siswa`
--

DROP TABLE IF EXISTS `siswa`;
/*!40101 SET @saved_cs_client     = @@character_set_client */;
/*!50503 SET character_set_client = utf8mb4 */;
CREATE TABLE `siswa` (
  `nis` varchar(10) NOT NULL,
  `nama` varchar(30) NOT NULL,
  `alamat` text NOT NULL,
  `jk` enum('Laki-laki','Perempuan') NOT NULL,
  `tempt_lahir` text NOT NULL,
  `tgl_lahir` date NOT NULL,
  `agama` enum('Islam','Kristen','Katolik','Hindu','Budha','Konghucu') NOT NULL DEFAULT 'Kristen',
  `telp` varchar(16) NOT NULL,
  `telp_ortu` varchar(16) NOT NULL,
  `penghasilan_ortu` int DEFAULT NULL,
  `tanggungan_ortu` int DEFAULT NULL,
  `jarak_rumah` int DEFAULT NULL,
  `kondisi_rumah` int DEFAULT NULL,
  `status` enum('Aktif','Tidak Aktif') NOT NULL DEFAULT 'Aktif',
  UNIQUE KEY `nis` (`nis`)
) ENGINE=InnoDB DEFAULT CHARSET=utf8mb3;
/*!40101 SET character_set_client = @saved_cs_client */;

--
-- Dumping data for table `siswa`
--

LOCK TABLES `siswa` WRITE;
/*!40000 ALTER TABLE `siswa` DISABLE KEYS */;
INSERT INTO `siswa` VALUES ('12123001','Siti Nur Rahma','Hotel 777, Abepura','Perempuan','Timika','2006-06-13','Islam','082238204778','082238204776',NULL,NULL,NULL,NULL,'Aktif'),('12123002','Al Rahman Fazrin','Belakang Koramil, Abepura','Laki-laki','Jayapura','2006-12-12','Islam','082238204773','082238204772',NULL,NULL,NULL,NULL,'Aktif'),('12124000','Cici Farida','Ds. Wora Wari No. 657, Payakumbuh 47203, Sulut','Perempuan','Padangsidempuan','2009-01-21','Kristen','(+62) 370 9771 6','082199906733',3,1,2,1,'Aktif'),('12124001','Natalia Situmorang','Dk. Baan No. 967, Bandar Lampung 52896, Bengkulu','Perempuan','Palu','2006-05-10','Kristen','(+62) 29 9760 05','082199906733',3,2,3,1,'Aktif'),('12124002','Rika Damanik','Jr. Bayam No. 774, Palembang 24222, Kaltim','Perempuan','Pontianak','2006-09-10','Kristen','(+62) 829 423 06','082199906733',3,2,1,1,'Aktif'),('12124003','Rina Farida','Dk. Babadak No. 874, Lubuklinggau 89913, Bengkulu','Perempuan','Cirebon','2005-12-27','Kristen','(+62) 697 8257 1','082199906733',3,2,1,1,'Aktif'),('12124004','Cici Marbun','Jln. Ciumbuleuit No. 39, Lhokseumawe 50248, Maluku','Perempuan','Singkawang','2009-03-05','Kristen','0487 3417 351','082199906733',3,3,3,1,'Aktif'),('12124005','Uli Wastuti','Ki. Daan No. 714, Banjar 77287, Malut','Perempuan','Kediri','2008-11-28','Kristen','(+62) 496 6817 1','082199906733',1,1,2,2,'Aktif'),('12124006','Endah Waskita','Jln. Katamso No. 792, Pasuruan 81862, Sumut','Perempuan','Palopo','2006-07-16','Kristen','0330 2460 518','082199906733',2,2,1,1,'Aktif'),('12124007','Septi Puspasari','Jln. Kyai Gede No. 555, Pangkal Pinang 40254, Sultra','Perempuan','Tangerang','2006-07-11','Kristen','0891 1119 4110','082199906733',1,1,3,2,'Aktif'),('12124008','Diana Prakasa','Ki. Pahlawan No. 785, Bau-Bau 19190, Jateng','Perempuan','Bitung','2008-11-12','Kristen','0881 953 440','082199906733',3,1,3,2,'Aktif'),('12124009','Farah Setiawan','Kpg. Babakan No. 298, Binjai 23469, Banten','Perempuan','Salatiga','2006-10-31','Kristen','0842 6921 3593','082199906733',3,2,3,1,'Aktif'),('12124010','Carla Setiawan','Gg. Baing No. 636, Bandar Lampung 97378, Aceh','Perempuan','Surakarta','2006-04-04','Kristen','(+62) 255 2073 9','082199906733',1,1,3,2,'Aktif'),('12124011','Sabrina Sinaga','Jr. Madrasah No. 783, Tanjung Pinang 23439, Kalbar','Perempuan','Cimahi','2007-06-25','Kristen','0379 0261 9057','082199906733',2,1,1,2,'Aktif'),('12124012','Wulan Haryanti','Gg. Jagakarsa No. 970, Ambon 21420, Jatim','Perempuan','Administrasi Jakarta Selatan','2009-02-21','Kristen','029 2593 304','082199906733',3,2,1,1,'Aktif'),('12124013','Lidya Dongoran','Psr. Bah Jaya No. 632, Cilegon 11248, Sultra','Perempuan','Gunungsitoli','2006-12-09','Kristen','(+62) 387 0153 4','082199906733',2,2,2,1,'Aktif'),('12124014','Umi Napitupulu','Ds. Orang No. 654, Blitar 10893, Jabar','Perempuan','Jambi','2007-10-07','Kristen','(+62) 937 0490 0','082199906733',1,1,3,2,'Aktif'),('12124015','Agnes Rahmawati','Gg. Radio No. 717, Batu 31550, Jabar','Perempuan','Singkawang','2008-07-26','Kristen','(+62) 261 2328 5','082199906733',3,3,1,2,'Aktif'),('12124016','Fathonah Narpati','Jln. Gajah No. 390, Pontianak 55303, Sulbar','Perempuan','Batu','2005-09-06','Kristen','(+62) 711 8496 2','082199906733',3,1,2,2,'Aktif'),('12124017','Keisha Salahudin','Jln. Padang No. 647, Depok 45311, Riau','Perempuan','Kupang','2007-04-30','Kristen','0297 6852 9984','082199906733',2,1,3,2,'Aktif'),('12124018','Ami Siregar','Gg. Padma No. 732, Tangerang Selatan 52059, Sulsel','Perempuan','Mataram','2007-02-06','Kristen','0364 3488 2268','082199906733',1,3,1,2,'Aktif'),('12124019','Winda Mansur','Jr. Pasirkoja No. 649, Bitung 32113, Jambi','Perempuan','Serang','2009-06-19','Kristen','0520 4357 395','082199906733',1,1,3,2,'Aktif'),('12124020','Ajeng Maryadi','Jln. S. Parman No. 71, Administrasi Jakarta Utara 36894, Papua','Perempuan','Gunungsitoli','2008-09-08','Kristen','0822 3968 889','082199906733',2,2,3,2,'Aktif'),('12124021','Puput Pudjiastuti','Gg. Batako No. 709, Bandung 26979, Babel','Perempuan','Surabaya','2009-03-18','Kristen','0501 8661 2738','082199906733',3,1,2,1,'Aktif'),('12124022','Maimunah Wastuti','Ki. Ahmad Dahlan No. 311, Manado 53373, Sumut','Perempuan','Tangerang Selatan','2006-07-10','Kristen','(+62) 24 4095 17','082199906733',3,1,1,1,'Aktif'),('12124023','Mutia Waluyo','Ki. Bakhita No. 310, Sibolga 94950, Jabar','Perempuan','Tebing Tinggi','2008-04-02','Kristen','0655 5102 2070','082199906733',1,3,2,1,'Aktif'),('12124024','Yani Sudiati','Ki. Suniaraja No. 872, Dumai 61592, Riau','Perempuan','Administrasi Jakarta Utara','2006-11-06','Kristen','0866 511 084','082199906733',2,1,1,1,'Aktif'),('12124025','Salsabila Hutagalung','Psr. Rumah Sakit No. 488, Madiun 45683, Kaltara','Perempuan','Pekanbaru','2008-07-27','Kristen','(+62) 207 0851 5','082199906733',3,3,1,2,'Aktif'),('12124026','Ajeng Hartati','Gg. Gading No. 664, Probolinggo 57889, Sulut','Perempuan','Bukittinggi','2008-07-16','Kristen','0342 9653 602','082199906733',1,1,3,2,'Aktif'),('12124027','Mala Sihotang','Dk. Hayam Wuruk No. 436, Makassar 29539, Gorontalo','Perempuan','Depok','2008-04-22','Kristen','0493 8013 202','082199906733',3,2,2,2,'Aktif'),('12124028','Rahmi Zulkarnain','Ds. Baan No. 517, Ambon 83318, Maluku','Perempuan','Banjar','2006-05-12','Kristen','(+62) 490 4432 2','082199906733',2,3,2,1,'Aktif'),('12124029','Ajeng Situmorang','Jr. Ronggowarsito No. 261, Palangka Raya 73474, Kaltara','Perempuan','Mojokerto','2009-04-16','Kristen','0404 2388 821','082199906733',2,2,3,1,'Aktif'),('12124030','Rahmi Thamrin','Gg. Bacang No. 590, Kediri 88030, Jabar','Perempuan','Salatiga','2008-12-02','Kristen','(+62) 23 4229 16','082199906733',2,3,3,1,'Aktif'),('12124031','Samiah Hariyah','Psr. Baranang Siang No. 930, Bukittinggi 91375, Sumsel','Perempuan','Bima','2008-04-12','Kristen','(+62) 472 8152 1','082199906733',3,3,3,1,'Aktif'),('12124032','Tami Narpati','Kpg. Baing No. 61, Administrasi Jakarta Timur 87098, NTT','Perempuan','Mojokerto','2006-01-24','Kristen','0697 9395 1668','082199906733',3,1,2,2,'Aktif'),('12124033','Fathonah Siregar','Dk. Villa No. 829, Padang 37780, Riau','Perempuan','Sawahlunto','2008-10-30','Kristen','0810 426 455','082199906733',1,2,3,2,'Aktif'),('12124034','Farah Lailasari','Dk. Surapati No. 8, Gunungsitoli 12000, Kalbar','Perempuan','Cilegon','2006-09-24','Kristen','0300 4329 2147','082199906733',3,3,3,1,'Aktif'),('12124035','Ayu Novitasari','Dk. Hang No. 317, Cirebon 93676, Sulteng','Perempuan','Sorong','2008-01-21','Kristen','(+62) 694 7987 9','082199906733',3,1,2,1,'Aktif'),('12124036','Wirda Puspasari','Gg. Wora Wari No. 634, Tomohon 25642, Sulut','Perempuan','Bengkulu','2006-01-28','Kristen','0368 9706 0344','082199906733',1,1,3,2,'Aktif'),('12124037','Titin Anggriawan','Ki. Ekonomi No. 898, Tangerang 66389, Jatim','Perempuan','Blitar','2008-06-04','Kristen','(+62) 953 8121 1','082199906733',3,1,1,1,'Aktif'),('12124038','Pia Susanti','Ds. Bagas Pati No. 412, Ambon 63676, DKI','Perempuan','Mojokerto','2007-01-21','Kristen','(+62) 891 3809 4','082199906733',3,3,2,1,'Aktif'),('12124039','Ilsa Prastuti','Jln. Ters. Kiaracondong No. 338, Pekalongan 67339, NTB','Perempuan','Malang','2006-10-26','Kristen','(+62) 733 0515 8','082199906733',1,1,1,2,'Aktif'),('12124040','Aurora Hassanah','Psr. Ujung No. 366, Sawahlunto 15131, Bengkulu','Perempuan','Sawahlunto','2008-06-29','Kristen','0431 8430 3731','082199906733',2,3,1,1,'Aktif'),('12124041','Lalita Hutapea','Gg. Kali No. 444, Mojokerto 15892, Sulteng','Perempuan','Langsa','2007-10-26','Kristen','(+62) 303 8175 1','082199906733',2,2,2,1,'Aktif'),('12124042','Safina Putra','Ds. PHH. Mustofa No. 993, Kendari 78453, NTB','Perempuan','Padangsidempuan','2007-12-27','Kristen','(+62) 434 5119 3','082199906733',3,3,3,2,'Aktif'),('12124043','Tania Safitri','Ds. Basket No. 399, Yogyakarta 90009, Banten','Perempuan','Jayapura','2006-05-16','Kristen','0864 0511 738','082199906733',3,3,2,2,'Aktif'),('12124044','Gawati Uwais','Gg. Baja Raya No. 375, Administrasi Jakarta Utara 79272, Jabar','Perempuan','Padang','2008-08-03','Kristen','0212 5357 434','082199906733',2,2,1,1,'Aktif'),('12124045','Maria Lestari','Jr. Bakau Griya Utama No. 672, Administrasi Jakarta Pusat 63034, Sulteng','Perempuan','Tasikmalaya','2007-07-20','Kristen','0977 8111 4545','082199906733',2,3,1,1,'Aktif'),('12124046','Zamira Wastuti','Ki. Sentot Alibasa No. 95, Mataram 78968, Gorontalo','Perempuan','Mojokerto','2006-11-20','Kristen','0797 6050 2149','082199906733',1,1,3,1,'Aktif'),('12124047','Gawati Sitorus','Jr. Moch. Ramdan No. 110, Malang 55612, Kalsel','Perempuan','Kotamobagu','2006-05-22','Kristen','0860 2597 4170','082199906733',3,2,1,1,'Aktif'),('12124048','Puti Tarihoran','Gg. Yohanes No. 495, Samarinda 86387, DKI','Perempuan','Serang','2008-02-24','Kristen','(+62) 497 9490 0','082199906733',2,1,2,2,'Aktif'),('12124049','Ciaobella Hutagalung','Ki. Ujung No. 787, Pasuruan 75288, Kalbar','Perempuan','Administrasi Jakarta Utara','2008-09-30','Kristen','(+62) 926 6232 9','082199906733',1,2,3,1,'Aktif'),('12124050','Jessica Permata','Psr. Sadang Serang No. 598, Cimahi 91264, Sulsel','Perempuan','Palembang','2008-08-09','Kristen','(+62) 307 2213 8','082199906733',3,3,1,2,'Aktif'),('12124051','Juli Puspasari','Jln. Banda No. 732, Ambon 59218, Kalbar','Perempuan','Sungai Penuh','2006-02-21','Kristen','(+62) 674 5974 7','082199906733',2,1,2,1,'Aktif'),('12124052','Gina Anggriawan','Dk. Bakin No. 428, Sorong 45357, Riau','Perempuan','Bandar Lampung','2005-12-08','Kristen','0385 7163 8656','082199906733',3,2,1,2,'Aktif'),('12124053','Cici Pradana','Dk. Kiaracondong No. 542, Administrasi Jakarta Timur 73774, Jateng','Perempuan','Padangsidempuan','2005-12-29','Kristen','0501 3091 6902','082199906733',3,1,2,1,'Aktif'),('12124054','Unjani Aryani','Ki. Madiun No. 10, Manado 17927, Sumbar','Perempuan','Manado','2006-03-08','Kristen','(+62) 290 3828 3','082199906733',2,1,2,2,'Aktif'),('12124055','Suci Hidayanto','Dk. Wahidin Sudirohusodo No. 811, Tebing Tinggi 75156, Sumsel','Perempuan','Bekasi','2007-10-15','Kristen','(+62) 919 2402 3','082199906733',1,1,3,2,'Aktif'),('12124056','Ophelia Latupono','Jr. Flores No. 714, Bontang 32208, Sultra','Perempuan','Palembang','2006-12-30','Kristen','0908 0419 452','082199906733',2,2,1,1,'Aktif'),('12124057','Rahmi Haryanto','Psr. Bata Putih No. 631, Samarinda 15207, Gorontalo','Perempuan','Administrasi Jakarta Timur','2005-09-26','Kristen','(+62) 928 5782 0','082199906733',2,2,3,1,'Aktif'),('12124058','Kartika Nurdiyanti','Ki. Kiaracondong No. 627, Mojokerto 90301, Aceh','Perempuan','Palu','2009-04-10','Kristen','(+62) 204 5810 2','082199906733',3,3,1,2,'Aktif'),('12124059','Puji Yuliarti','Gg. Raden No. 84, Palembang 84050, Gorontalo','Perempuan','Sabang','2008-05-07','Kristen','(+62) 524 9922 3','082199906733',2,3,1,2,'Aktif'),('12124060','Ami Astuti','Jln. Casablanca No. 538, Jambi 26439, Malut','Perempuan','Manado','2007-03-04','Kristen','0494 1989 1402','082199906733',1,2,3,2,'Aktif'),('12124061','Maida Prayoga','Jr. Karel S. Tubun No. 915, Surabaya 35616, Malut','Perempuan','Bau-Bau','2007-11-23','Kristen','0547 5388 1628','082199906733',2,2,2,2,'Aktif'),('12124062','Karimah Novitasari','Ds. Antapani Lama No. 512, Surabaya 16197, Kalbar','Perempuan','Tarakan','2005-08-08','Kristen','(+62) 398 6674 1','082199906733',2,2,3,1,'Aktif'),('12124063','Novi Puspasari','Gg. Jaksa No. 502, Pontianak 85982, Maluku','Perempuan','Madiun','2009-06-04','Kristen','0826 3279 6229','082199906733',3,1,1,2,'Aktif'),('12124064','Alika Saefullah','Jr. Cikutra Barat No. 890, Bontang 84029, Sulsel','Perempuan','Denpasar','2008-09-10','Kristen','028 6822 783','082199906733',3,2,1,1,'Aktif'),('12124065','Restu Nababan','Jr. Honggowongso No. 338, Mataram 11843, Kalsel','Perempuan','Gorontalo','2006-02-16','Kristen','0201 7889 8487','082199906733',1,3,3,1,'Aktif'),('12124066','Ajeng Wahyuni','Jln. Soekarno Hatta No. 543, Tual 37995, Kalbar','Perempuan','Batu','2005-10-16','Kristen','0498 1707 4098','082199906733',2,1,3,1,'Aktif'),('12124067','Devi Purwanti','Psr. Yohanes No. 202, Gorontalo 50672, Kalteng','Perempuan','Banda Aceh','2008-09-16','Kristen','0879 0095 0378','082199906733',1,1,3,1,'Aktif'),('12124068','Ajeng Prakasa','Ki. Kusmanto No. 113, Dumai 39113, Gorontalo','Perempuan','Yogyakarta','2005-08-31','Kristen','0703 4303 4392','082199906733',2,2,3,2,'Aktif'),('12124069','Puspa Yolanda','Jln. Imam No. 313, Banjarmasin 88869, Jabar','Perempuan','Tomohon','2006-03-20','Kristen','0547 4975 8500','082199906733',2,2,1,2,'Aktif'),('12124070','Endah Dabukke','Ki. Basuki Rahmat  No. 898, Kendari 46329, Sultra','Perempuan','Ternate','2005-10-18','Kristen','(+62) 942 9212 7','082199906733',1,3,2,2,'Aktif'),('12124071','Septi Purnawati','Psr. M.T. Haryono No. 231, Surakarta 69778, Pabar','Perempuan','Blitar','2009-02-09','Kristen','(+62) 876 484 55','082199906733',3,3,1,1,'Aktif'),('12124072','Gawati Marpaung','Kpg. Moch. Ramdan No. 487, Jambi 11938, Bali','Perempuan','Pekanbaru','2007-10-18','Kristen','0224 0161 249','082199906733',3,3,3,2,'Aktif'),('12124073','Septi Maryati','Dk. Halim No. 123, Depok 95338, Kaltara','Perempuan','Kediri','2006-01-02','Kristen','0685 9108 3526','082199906733',1,2,2,2,'Aktif'),('12124074','Maya Purwanti','Jr. Jakarta No. 905, Dumai 97201, Babel','Perempuan','Dumai','2009-05-04','Kristen','(+62) 339 8407 6','082199906733',1,2,3,1,'Aktif'),('12124075','Titin Oktaviani','Jr. Basudewo No. 361, Tarakan 27671, Jabar','Perempuan','Metro','2008-01-01','Kristen','(+62) 556 0779 0','082199906733',1,1,2,1,'Aktif'),('12124076','Lalita Mayasari','Gg. Basket No. 566, Bau-Bau 52118, Sulteng','Perempuan','Manado','2007-10-02','Kristen','(+62) 792 3116 3','082199906733',2,1,2,1,'Aktif'),('12124077','Keisha Lestari','Ds. Bakaru No. 203, Lubuklinggau 61546, Jateng','Perempuan','Batu','2006-10-20','Kristen','(+62) 542 1762 6','082199906733',1,2,1,1,'Aktif'),('12124078','Yuni Wibisono','Gg. Pattimura No. 312, Malang 42234, Sulteng','Perempuan','Banjarbaru','2007-01-05','Kristen','0654 8964 0968','082199906733',2,2,1,1,'Aktif'),('12124079','Najwa Mardhiyah','Dk. Pintu Besar Selatan No. 585, Semarang 33058, Sulteng','Perempuan','Gorontalo','2007-07-26','Kristen','(+62) 857 4390 9','082199906733',1,1,1,2,'Aktif'),('12124080','Zizi Saptono','Ki. Baan No. 82, Pontianak 41587, Sulbar','Perempuan','Balikpapan','2007-10-11','Kristen','(+62) 490 2935 2','082199906733',2,2,1,2,'Aktif'),('12124081','Nilam Susanti','Dk. Sudiarto No. 138, Banjarbaru 30317, DKI','Perempuan','Lhokseumawe','2006-09-23','Kristen','0425 8034 795','082199906733',2,2,2,1,'Aktif'),('12124082','Betania Oktaviani','Jr. Untung Suropati No. 106, Lhokseumawe 46858, Sulteng','Perempuan','Palopo','2007-01-30','Kristen','0891 4677 4141','082199906733',1,1,3,2,'Aktif'),('12124083','Tina Habibi','Kpg. Peta No. 205, Bekasi 45478, Kalteng','Perempuan','Sibolga','2006-04-23','Kristen','0303 9773 2971','082199906733',2,1,3,2,'Aktif'),('12124084','Lala Mandasari','Kpg. Agus Salim No. 561, Kendari 70878, DIY','Perempuan','Binjai','2007-11-14','Kristen','0355 6700 933','082199906733',3,1,1,1,'Aktif'),('12124085','Titin Mandasari','Jr. Haji No. 906, Cimahi 78243, NTB','Perempuan','Manado','2008-08-16','Kristen','0408 3815 1151','082199906733',1,3,2,1,'Aktif'),('12124086','Salimah Purnawati','Dk. Reksoninten No. 864, Kediri 97215, Gorontalo','Perempuan','Sibolga','2005-11-13','Kristen','(+62) 972 2319 1','082199906733',2,1,3,1,'Aktif'),('12124087','Mutia Pratiwi','Dk. Dago No. 545, Semarang 17595, NTB','Perempuan','Sabang','2007-07-04','Kristen','(+62) 982 2671 5','082199906733',2,1,3,1,'Aktif'),('12124088','Lili Sihombing','Psr. Asia Afrika No. 427, Administrasi Jakarta Pusat 38487, Sulbar','Perempuan','Blitar','2008-01-16','Kristen','(+62) 836 3178 4','082199906733',1,2,2,1,'Aktif'),('12124089','Juli Anggriawan','Ds. Monginsidi No. 904, Samarinda 47572, Kalbar','Perempuan','Semarang','2006-11-04','Kristen','0965 3655 295','082199906733',1,3,1,2,'Aktif'),('12124090','Malika Melani','Jr. Raden Saleh No. 845, Balikpapan 55763, Malut','Perempuan','Ternate','2008-10-27','Kristen','0544 9427 0719','082199906733',3,3,2,2,'Aktif'),('12124091','Rahmi Sudiati','Psr. Basmol Raya No. 608, Ambon 80869, Jambi','Perempuan','Ambon','2006-05-13','Kristen','0852 9808 1582','082199906733',2,1,3,1,'Aktif'),('12124092','Ade Nuraini','Gg. Ikan No. 980, Surakarta 75678, Sulteng','Perempuan','Tebing Tinggi','2006-03-10','Kristen','(+62) 613 3264 6','082199906733',2,3,1,1,'Aktif'),('12124093','Laras Thamrin','Jln. Antapani Lama No. 821, Tanjung Pinang 30868, Sumsel','Perempuan','Pasuruan','2005-09-18','Kristen','(+62) 893 6836 0','082199906733',2,1,1,1,'Aktif'),('12124094','Eli Wastuti','Gg. Veteran No. 15, Depok 21548, DIY','Perempuan','Manado','2007-05-15','Kristen','(+62) 304 2502 2','082199906733',1,1,1,1,'Aktif'),('12124095','Paris Maryati','Jln. Merdeka No. 369, Semarang 60297, Sultra','Perempuan','Sabang','2007-03-08','Kristen','(+62) 991 0004 6','082199906733',2,2,3,2,'Aktif'),('12124096','Kiandra Wulandari','Psr. Bappenas No. 87, Sabang 68501, Jatim','Perempuan','Kediri','2007-04-15','Kristen','0918 2235 666','082199906733',1,1,1,2,'Aktif'),('12124097','Yance Rahayu','Ki. Jend. Sudirman No. 217, Surabaya 73021, Pabar','Perempuan','Prabumulih','2007-12-04','Kristen','(+62) 710 3033 5','082199906733',1,3,1,1,'Aktif'),('12124098','Jessica Purnawati','Psr. Kartini No. 756, Banjar 49196, Kaltim','Perempuan','Lhokseumawe','2007-10-30','Kristen','(+62) 898 099 32','082199906733',2,2,1,1,'Aktif'),('12124099','Tina Rahmawati','Jr. Ciwastra No. 503, Jambi 89257, Riau','Perempuan','Payakumbuh','2008-09-04','Kristen','0626 1805 185','082199906733',1,2,3,1,'Aktif'),('12124100','Septi Budiyanto','Jln. Kali No. 920, Padang 25960, DKI','Perempuan','Depok','2007-10-19','Kristen','0646 2622 485','082199906733',1,2,3,1,'Aktif'),('12124101','Kamaria Fujiati','Psr. Sukajadi No. 832, Manado 72295, Jabar','Perempuan','Tangerang Selatan','2008-09-25','Kristen','0513 8794 3114','082199906733',1,3,1,2,'Aktif'),('12124102','Ilsa Anggriawan','Gg. Babadak No. 429, Bima 59104, Sultra','Perempuan','Mojokerto','2008-01-15','Kristen','020 4438 167','082199906733',3,1,1,2,'Aktif'),('12124103','Kartika Haryanti','Gg. Yap Tjwan Bing No. 934, Balikpapan 10601, Jateng','Perempuan','Bitung','2006-08-25','Kristen','0426 2185 096','082199906733',2,1,1,1,'Aktif'),('12124104','Alika Pradipta','Ds. Pasirkoja No. 822, Pekalongan 71317, Sulsel','Perempuan','Administrasi Jakarta Selatan','2006-01-11','Kristen','(+62) 735 8869 7','082199906733',2,3,1,2,'Aktif'),('12124105','Maya Samosir','Kpg. Dewi Sartika No. 684, Tebing Tinggi 12060, Aceh','Perempuan','Samarinda','2006-11-15','Kristen','(+62) 22 1243 85','082199906733',3,1,2,1,'Aktif'),('12124106','Alika Putra','Dk. Raden No. 112, Ternate 67252, Kaltara','Perempuan','Banjar','2008-11-03','Kristen','(+62) 343 4512 5','082199906733',1,2,3,1,'Aktif'),('12124107','Ina Mayasari','Psr. Ciumbuleuit No. 857, Bandar Lampung 12033, Sulbar','Perempuan','Samarinda','2006-08-11','Kristen','(+62) 288 5289 4','082199906733',2,3,3,2,'Aktif'),('12124108','Amalia Andriani','Psr. Basuki Rahmat  No. 263, Pasuruan 59914, Malut','Perempuan','Singkawang','2007-11-27','Kristen','(+62) 617 2595 1','082199906733',3,3,3,1,'Aktif'),('12124109','Talia Pranowo','Jln. Baladewa No. 226, Tomohon 47756, Kalbar','Perempuan','Cimahi','2006-04-11','Kristen','0641 0093 010','082199906733',2,1,1,1,'Aktif'),('12124110','Yuliana Mandala','Gg. Bakit  No. 372, Sawahlunto 24775, Kalsel','Perempuan','Solok','2005-08-15','Kristen','0841 5158 529','082199906733',1,3,2,1,'Aktif'),('12124111','Keisha Saefullah','Kpg. Industri No. 444, Tual 73564, Jatim','Perempuan','Semarang','2008-08-20','Kristen','0220 9609 6183','082199906733',2,1,1,1,'Aktif'),('12124112','Yessi Hariyah','Jr. Bahagia  No. 225, Balikpapan 23265, Gorontalo','Perempuan','Tebing Tinggi','2008-05-19','Kristen','027 3393 1532','082199906733',3,2,3,1,'Aktif'),('12124113','Ciaobella Gunawan','Kpg. Abdul No. 182, Palangka Raya 99627, Jabar','Perempuan','Bogor','2008-11-19','Kristen','(+62) 473 1277 0','082199906733',3,3,2,1,'Aktif'),('12124114','Karimah Ardianto','Jln. Padang No. 43, Gorontalo 11816, Kepri','Perempuan','Semarang','2005-07-31','Kristen','(+62) 22 9998 25','082199906733',3,3,3,1,'Aktif'),('12124115','Raisa Purnawati','Psr. Yap Tjwan Bing No. 542, Bandung 92275, Sumsel','Perempuan','Banda Aceh','2006-08-20','Kristen','(+62) 296 2378 6','082199906733',3,2,1,1,'Aktif'),('12124116','Violet Oktaviani','Ds. Raden Saleh No. 202, Sabang 20431, Maluku','Perempuan','Solok','2009-01-26','Kristen','(+62) 311 9719 3','082199906733',3,3,2,1,'Aktif'),('12124117','Paulin Farida','Jr. Achmad No. 336, Singkawang 88019, NTT','Perempuan','Cirebon','2008-05-31','Kristen','0979 8814 1270','082199906733',2,2,2,2,'Aktif'),('12124118','Agnes Mahendra','Psr. Baabur Royan No. 745, Tanjungbalai 87354, Sulbar','Perempuan','Bukittinggi','2007-10-30','Kristen','0746 2561 4304','082199906733',2,1,1,1,'Aktif'),('12124119','Rina Wacana','Jr. Jaksa No. 674, Palopo 11338, Bali','Perempuan','Lhokseumawe','2005-12-03','Kristen','0315 2235 745','082199906733',2,3,3,1,'Aktif'),('12124120','Siska Laksita','Psr. Tangkuban Perahu No. 538, Banjarbaru 79253, Sumsel','Perempuan','Samarinda','2007-06-11','Kristen','0834 8358 186','082199906733',2,2,1,2,'Aktif'),('12124121','Padmi Maryati','Psr. Reksoninten No. 439, Langsa 43843, Kaltim','Perempuan','Pontianak','2006-02-09','Kristen','0520 2887 8087','082199906733',1,3,3,1,'Aktif'),('12124122','Puti Kuswandari','Dk. Sugiyopranoto No. 881, Tasikmalaya 67378, NTT','Perempuan','Tomohon','2006-12-11','Kristen','0417 9492 520','082199906733',3,1,3,1,'Aktif'),('12124123','Hana Zulaika','Jln. Baja No. 813, Dumai 13272, DKI','Perempuan','Prabumulih','2008-05-07','Kristen','(+62) 452 2464 4','082199906733',1,1,1,1,'Aktif'),('12124124','Zizi Waskita','Ds. Jakarta No. 988, Subulussalam 93228, Sumbar','Perempuan','Tual','2007-05-04','Kristen','(+62) 874 744 11','082199906733',3,1,1,1,'Aktif'),('12124125','Oni Pradana','Kpg. Rajawali Timur No. 541, Palangka Raya 86018, Bali','Perempuan','Kediri','2006-12-02','Kristen','(+62) 21 1803 66','082199906733',3,2,1,2,'Aktif'),('12124126','Raisa Padmasari','Gg. Sudirman No. 52, Tual 15378, NTB','Perempuan','Lhokseumawe','2006-07-28','Kristen','0651 8976 303','082199906733',2,2,2,1,'Aktif'),('12124127','Dewi Saefullah','Ki. Honggowongso No. 351, Surabaya 84848, Maluku','Perempuan','Tanjungbalai','2005-12-18','Kristen','0672 8880 5861','082199906733',1,2,3,2,'Aktif'),('12124128','Chelsea Suryatmi','Jr. Industri No. 932, Makassar 66857, Gorontalo','Perempuan','Lubuklinggau','2006-04-02','Kristen','(+62) 949 8797 5','082199906733',1,1,1,1,'Aktif'),('12124129','Aisyah Mahendra','Psr. Baung No. 660, Administrasi Jakarta Utara 45927, Lampung','Perempuan','Sibolga','2006-02-01','Kristen','0307 1568 191','082199906733',3,3,1,1,'Aktif'),('12124130','Shakila Nasyidah','Dk. Antapani Lama No. 985, Cimahi 60239, Jambi','Perempuan','Yogyakarta','2007-11-27','Kristen','(+62) 21 5197 95','082199906733',1,2,3,1,'Aktif'),('12124131','Julia Hutapea','Dk. Warga No. 267, Kediri 29388, Sultra','Perempuan','Depok','2005-10-27','Kristen','(+62) 762 5188 9','082199906733',3,3,3,1,'Aktif'),('12124132','Ghaliyati Saptono','Gg. Merdeka No. 188, Surakarta 20494, Aceh','Perempuan','Singkawang','2006-01-15','Kristen','(+62) 213 3535 9','082199906733',3,3,2,1,'Aktif'),('12124133','Wirda Hassanah','Ds. Achmad Yani No. 857, Mataram 32078, Babel','Perempuan','Salatiga','2008-03-04','Kristen','0835 6341 8332','082199906733',2,3,3,2,'Aktif'),('12124134','Zulfa Prasetya','Ds. Jakarta No. 282, Bengkulu 67399, Kepri','Perempuan','Bima','2009-03-15','Kristen','(+62) 739 4792 1','082199906733',1,3,2,1,'Aktif'),('12124135','Maida Tamba','Ki. Ekonomi No. 388, Palembang 85083, Jatim','Perempuan','Tanjung Pinang','2005-09-18','Kristen','(+62) 434 6906 6','082199906733',2,2,1,2,'Aktif'),('12124136','Carla Dongoran','Gg. Ters. Pasir Koja No. 544, Administrasi Jakarta Utara 69415, Jatim','Perempuan','Palopo','2009-02-18','Kristen','(+62) 489 4764 0','082199906733',1,3,2,1,'Aktif'),('12124137','Lidya Hidayat','Ds. Salak No. 780, Depok 16173, Sumut','Perempuan','Magelang','2006-09-28','Kristen','0579 7709 067','082199906733',1,1,1,2,'Aktif'),('12124138','Nadine Wahyudin','Kpg. Wora Wari No. 422, Pekanbaru 96248, DIY','Perempuan','Makassar','2006-04-01','Kristen','0471 0623 0603','082199906733',2,2,3,2,'Aktif'),('12124139','Restu Susanti','Ds. Acordion No. 671, Kotamobagu 16634, Lampung','Perempuan','Kotamobagu','2005-12-07','Kristen','0963 1374 0294','082199906733',3,2,1,2,'Aktif'),('12124140','Tiara Puspasari','Gg. Monginsidi No. 458, Samarinda 34957, Maluku','Perempuan','Metro','2006-09-05','Kristen','0637 7915 5470','082199906733',1,3,3,2,'Aktif'),('12124141','Tami Sinaga','Gg. Cokroaminoto No. 662, Tangerang Selatan 48890, Sumut','Perempuan','Salatiga','2006-12-07','Kristen','0844 7881 8710','082199906733',2,3,3,1,'Aktif'),('12124142','Hana Rahimah','Kpg. Dipenogoro No. 336, Singkawang 92730, Kaltim','Perempuan','Denpasar','2007-09-23','Kristen','(+62) 338 8934 7','082199906733',3,1,3,2,'Aktif'),('12124143','Sabrina Hassanah','Ds. Barasak No. 969, Tomohon 93101, Sulut','Perempuan','Sukabumi','2006-10-06','Kristen','(+62) 429 0039 5','082199906733',2,3,1,1,'Aktif'),('12124144','Nilam Hutasoit','Ki. Rajawali Timur No. 981, Cirebon 72955, Kaltim','Perempuan','Surabaya','2008-10-16','Kristen','(+62) 966 0995 6','082199906733',1,3,2,1,'Aktif'),('12124145','Ade Latupono','Jr. Basuki Rahmat  No. 104, Tarakan 33536, Pabar','Perempuan','Subulussalam','2006-06-24','Kristen','0327 1466 886','082199906733',2,2,1,1,'Aktif'),('12124146','Patricia Narpati','Psr. Thamrin No. 221, Tegal 50455, Riau','Perempuan','Madiun','2007-06-05','Kristen','(+62) 488 5297 9','082199906733',3,3,3,2,'Aktif'),('12124147','Chelsea Anggriawan','Dk. Badak No. 911, Batu 28518, Kalteng','Perempuan','Kendari','2007-07-22','Kristen','0929 0580 6783','082199906733',2,1,1,1,'Aktif'),('12124148','Aisyah Najmudin','Ki. Gatot Subroto No. 452, Payakumbuh 47313, Aceh','Perempuan','Madiun','2005-11-25','Kristen','0956 6730 1446','082199906733',3,2,3,2,'Aktif'),('12124149','Ani Wastuti','Jln. Basuki Rahmat  No. 922, Singkawang 18678, Bengkulu','Perempuan','Depok','2007-02-23','Kristen','(+62) 853 7170 8','082199906733',2,1,1,2,'Aktif'),('12124150','Suci Kurniawan','Jr. Eka No. 686, Cimahi 32855, Sulbar','Perempuan','Prabumulih','2006-07-02','Kristen','0636 4824 4157','082199906733',1,1,3,1,'Aktif'),('12124151','Uli Uwais','Jr. Baranang Siang Indah No. 349, Cirebon 54537, NTB','Perempuan','Cimahi','2008-11-06','Kristen','0827 311 700','082199906733',3,1,3,2,'Aktif'),('12124152','Rina Thamrin','Ds. Baan No. 713, Tidore Kepulauan 11551, Sumbar','Perempuan','Padangsidempuan','2008-08-09','Kristen','0878 0885 728','082199906733',1,2,2,1,'Aktif'),('12124153','Cici Pradana','Dk. Wahid No. 266, Ternate 63495, Riau','Perempuan','Administrasi Jakarta Barat','2009-04-20','Kristen','0884 9706 7796','082199906733',1,2,1,2,'Aktif'),('12124154','Ghaliyati Prakasa','Gg. Tentara Pelajar No. 799, Bontang 34599, Aceh','Perempuan','Surabaya','2009-02-10','Kristen','(+62) 865 9982 2','082199906733',3,3,3,1,'Aktif'),('12124155','Ratna Pranowo','Kpg. Sugiyopranoto No. 281, Banjarmasin 85771, Babel','Perempuan','Binjai','2006-07-04','Kristen','0425 8979 0495','082199906733',2,2,2,1,'Aktif'),('12124156','Silvia Kuswoyo','Dk. Labu No. 904, Gunungsitoli 14156, Kalbar','Perempuan','Sibolga','2007-05-24','Kristen','(+62) 205 5101 8','082199906733',2,3,3,2,'Aktif'),('12124157','Humaira Widiastuti','Kpg. Kartini No. 211, Pekalongan 65803, Sumsel','Perempuan','Jambi','2008-11-26','Kristen','0681 7546 9196','082199906733',2,2,1,1,'Aktif'),('12124158','Vanya Suartini','Dk. Orang No. 85, Jambi 58887, Bali','Perempuan','Samarinda','2005-09-20','Kristen','028 2305 4364','082199906733',1,1,2,1,'Aktif'),('12124159','Fitriani Sinaga','Jr. Moch. Yamin No. 51, Gorontalo 39218, Lampung','Perempuan','Makassar','2005-07-18','Kristen','(+62) 957 4756 8','082199906733',3,2,3,1,'Aktif'),('12124160','Cinthia Mangunsong','Ds. Baan No. 625, Kendari 27190, Jambi','Perempuan','Pekalongan','2009-05-28','Kristen','0576 9279 456','082199906733',2,3,1,2,'Aktif'),('12124161','Diana Mandala','Ds. Bakin No. 534, Sibolga 46852, Kalteng','Perempuan','Ternate','2007-03-06','Kristen','(+62) 213 4295 0','082199906733',3,1,3,1,'Aktif'),('12124162','Victoria Tarihoran','Dk. Basuki No. 50, Bukittinggi 68658, Pabar','Perempuan','Administrasi Jakarta Barat','2008-07-02','Kristen','(+62) 888 2097 3','082199906733',3,3,3,2,'Aktif'),('12124163','Elma Hastuti','Ki. Sukabumi No. 184, Bandung 35475, Sulut','Perempuan','Parepare','2005-09-15','Kristen','(+62) 793 1807 2','082199906733',2,3,3,2,'Aktif'),('12124164','Keisha Suryatmi','Jln. Sukabumi No. 909, Blitar 15896, DIY','Perempuan','Bengkulu','2005-07-09','Kristen','024 8991 4704','082199906733',3,1,2,1,'Aktif'),('12124165','Kiandra Mustofa','Psr. Reksoninten No. 50, Administrasi Jakarta Utara 23185, Kaltim','Perempuan','Banjar','2006-12-09','Kristen','0591 6025 104','082199906733',2,3,3,1,'Aktif'),('12124166','Widya Fujiati','Kpg. Wahid No. 125, Pangkal Pinang 45877, Jabar','Perempuan','Sukabumi','2005-08-28','Kristen','(+62) 605 2471 7','082199906733',3,3,1,2,'Aktif'),('12124167','Kartika Yulianti','Ki. Fajar No. 303, Administrasi Jakarta Pusat 45565, Sulteng','Perempuan','Kediri','2008-07-09','Kristen','(+62) 811 9529 9','082199906733',1,2,3,1,'Aktif'),('12124168','Vanya Nasyiah','Ki. Sunaryo No. 99, Bontang 53785, Jabar','Perempuan','Lhokseumawe','2008-12-10','Kristen','(+62) 352 3898 5','082199906733',3,3,1,1,'Aktif'),('12124169','Kayla Marpaung','Kpg. Mulyadi No. 44, Lubuklinggau 79936, DKI','Perempuan','Administrasi Jakarta Barat','2007-06-02','Kristen','0493 8214 1750','082199906733',2,3,2,2,'Aktif'),('12124170','Hafshah Zulaika','Gg. Sudiarto No. 160, Balikpapan 81281, Kalteng','Perempuan','Bogor','2008-09-12','Kristen','(+62) 315 3561 4','082199906733',1,1,2,2,'Aktif'),('12124171','Shakila Yulianti','Gg. Baranang No. 613, Gunungsitoli 13951, Jatim','Perempuan','Tanjung Pinang','2007-03-02','Kristen','0733 2300 722','082199906733',1,2,2,1,'Aktif'),('12124172','Wani Padmasari','Gg. Kalimantan No. 895, Palangka Raya 61974, DIY','Perempuan','Kupang','2006-05-24','Kristen','(+62) 373 7997 2','082199906733',1,1,1,2,'Aktif'),('12124173','Raina Purnawati','Ki. Casablanca No. 72, Tarakan 41450, Sulsel','Perempuan','Tegal','2008-03-08','Kristen','(+62) 882 8499 3','082199906733',3,2,3,1,'Aktif'),('12124174','Hafshah Prastuti','Kpg. Gegerkalong Hilir No. 81, Pagar Alam 26258, Maluku','Perempuan','Tanjungbalai','2008-12-12','Kristen','(+62) 572 1839 3','082199906733',2,1,1,1,'Aktif'),('12124175','Rini Hakim','Dk. Raya Setiabudhi No. 59, Padangsidempuan 28718, Kalteng','Perempuan','Banjar','2006-08-26','Kristen','0236 6671 238','082199906733',2,3,1,2,'Aktif'),('12124176','Wani Nuraini','Jr. Tangkuban Perahu No. 725, Dumai 24843, Malut','Perempuan','Madiun','2006-09-24','Kristen','(+62) 27 1540 84','082199906733',3,3,2,2,'Aktif'),('12124177','Winda Putra','Gg. Cihampelas No. 973, Batam 96431, Sumsel','Perempuan','Parepare','2005-12-06','Kristen','(+62) 703 5000 5','082199906733',1,3,2,2,'Aktif'),('12124178','Melinda Widodo','Ki. Imam No. 466, Cilegon 60879, Aceh','Perempuan','Palu','2009-05-10','Kristen','0867 258 891','082199906733',3,1,2,2,'Aktif'),('12124179','Hasna Zulaika','Ki. Wahidin Sudirohusodo No. 28, Metro 89979, Kalbar','Perempuan','Sungai Penuh','2005-09-28','Kristen','0956 5149 815','082199906733',2,3,3,2,'Aktif'),('12124180','Kiandra Purnawati','Ds. Supomo No. 94, Tasikmalaya 59353, Kaltara','Perempuan','Mataram','2007-10-03','Kristen','(+62) 433 2505 1','082199906733',1,3,1,2,'Aktif'),('12124181','Suci Santoso','Kpg. Imam No. 975, Pagar Alam 16309, Bengkulu','Perempuan','Parepare','2009-01-01','Kristen','(+62) 859 4973 0','082199906733',3,1,2,1,'Aktif'),('12124182','Kayla Jailani','Jln. Baha No. 217, Lhokseumawe 32758, DKI','Perempuan','Balikpapan','2006-06-11','Kristen','0224 3343 3472','082199906733',2,2,3,2,'Aktif'),('12124183','Bella Prasetya','Psr. Ronggowarsito No. 356, Bengkulu 41549, Riau','Perempuan','Pematangsiantar','2007-07-09','Kristen','(+62) 276 7542 3','082199906733',1,1,3,2,'Aktif'),('12124184','Uli Hassanah','Ki. M.T. Haryono No. 973, Bekasi 79401, Sumsel','Perempuan','Tangerang Selatan','2007-02-09','Kristen','(+62) 686 2082 7','082199906733',1,3,3,2,'Aktif'),('12124185','Usyi Ardianto','Gg. Pacuan Kuda No. 321, Surakarta 36344, Kaltara','Perempuan','Administrasi Jakarta Timur','2008-01-31','Kristen','0411 4367 6062','082199906733',1,3,1,1,'Aktif'),('12124186','Queen Hakim','Jln. Salak No. 502, Tebing Tinggi 28272, Sulsel','Perempuan','Makassar','2006-01-09','Kristen','(+62) 306 5508 2','082199906733',1,2,2,2,'Aktif'),('12124187','Padmi Melani','Psr. Baja Raya No. 501, Padangpanjang 64126, Sumbar','Perempuan','Jambi','2006-04-09','Kristen','(+62) 871 9953 5','082199906733',2,3,1,2,'Aktif'),('12124188','Yance Kusmawati','Ds. Cihampelas No. 382, Yogyakarta 73002, Gorontalo','Perempuan','Tidore Kepulauan','2008-11-05','Kristen','0470 1030 606','082199906733',3,1,2,1,'Aktif'),('12124189','Pia Setiawan','Ki. Fajar No. 476, Pasuruan 34808, Sumut','Perempuan','Tual','2007-06-01','Kristen','0392 0509 4443','082199906733',3,3,2,1,'Aktif'),('12124190','Cindy Dabukke','Jr. Yohanes No. 573, Solok 45725, Pabar','Perempuan','Gorontalo','2008-04-07','Kristen','0373 0769 3348','082199906733',2,3,2,1,'Aktif'),('12124191','Janet Mandasari','Psr. Wahid Hasyim No. 87, Administrasi Jakarta Timur 27456, Kalteng','Perempuan','Banjarbaru','2008-05-08','Kristen','0501 0662 8234','082199906733',2,3,3,1,'Aktif'),('12124192','Vanesa Hastuti','Ds. Kali No. 155, Parepare 84331, Maluku','Perempuan','Madiun','2005-07-29','Kristen','(+62) 595 0315 2','082199906733',3,1,3,2,'Aktif'),('12124193','Ira Situmorang','Jln. Sutarjo No. 743, Tual 39146, NTB','Perempuan','Payakumbuh','2008-05-30','Kristen','0747 4227 1805','082199906733',2,2,1,2,'Aktif'),('12124194','Zaenab Yolanda','Ki. Sutami No. 813, Pekanbaru 48968, Sultra','Perempuan','Payakumbuh','2007-11-27','Kristen','(+62) 599 8075 2','082199906733',3,2,1,1,'Aktif'),('12124195','Gina Yuniar','Kpg. Jagakarsa No. 965, Pekalongan 21404, Kaltim','Perempuan','Semarang','2006-10-25','Kristen','023 6701 722','082199906733',1,2,1,1,'Aktif'),('12124196','Yuni Habibi','Jln. Sutarjo No. 634, Magelang 18818, Riau','Perempuan','Tarakan','2009-05-25','Kristen','0641 7392 660','082199906733',2,1,3,1,'Aktif'),('12124197','Diana Handayani','Psr. Imam Bonjol No. 641, Palopo 36895, Lampung','Perempuan','Padangsidempuan','2008-01-31','Kristen','(+62) 885 1163 4','082199906733',3,3,2,1,'Aktif'),('12124198','Sari Mandasari','Jln. Pahlawan No. 183, Pekalongan 44494, Kalteng','Perempuan','Tomohon','2009-06-26','Kristen','(+62) 28 9438 64','082199906733',3,3,3,1,'Aktif'),('12124199','Widya Zulaika','Jln. Banda No. 968, Batam 33328, DKI','Perempuan','Dumai','2006-02-05','Kristen','(+62) 367 6927 6','082199906733',3,3,2,1,'Aktif'),('12124200','Ayu Prasetyo','Jr. Labu No. 227, Tegal 19108, Sumut','Perempuan','Serang','2008-03-25','Kristen','0781 2240 519','082199906733',3,2,1,2,'Aktif'),('12124201','Malika Nasyiah','Dk. Laksamana No. 362, Tidore Kepulauan 24624, Jatim','Perempuan','Banjarmasin','2008-01-21','Kristen','0904 5137 798','082199906733',1,1,2,1,'Aktif'),('12124202','Ulva Winarno','Ds. Jambu No. 152, Administrasi Jakarta Utara 85089, Riau','Perempuan','Mataram','2005-11-01','Kristen','(+62) 315 1706 0','082199906733',2,1,2,2,'Aktif'),('12124203','Fitria Mulyani','Psr. Daan No. 954, Tidore Kepulauan 24696, Pabar','Perempuan','Tual','2005-11-16','Kristen','0387 8689 1225','082199906733',2,2,2,2,'Aktif'),('12124204','Nadine Damanik','Jln. Arifin No. 121, Administrasi Jakarta Barat 69179, Kaltara','Perempuan','Bitung','2008-08-14','Kristen','(+62) 946 5020 8','082199906733',2,3,2,1,'Aktif'),('12124205','Pia Pertiwi','Gg. Ters. Buah Batu No. 705, Batu 61947, Jatim','Perempuan','Bitung','2007-02-28','Kristen','0694 0980 936','082199906733',3,3,3,1,'Aktif'),('12124206','Faizah Wulandari','Jln. Rumah Sakit No. 887, Ternate 16523, Riau','Perempuan','Depok','2008-05-24','Kristen','0324 0845 4470','082199906733',3,1,2,1,'Aktif'),('12124207','Novi Rajasa','Psr. Salam No. 237, Tebing Tinggi 60818, NTB','Perempuan','Kupang','2007-01-08','Kristen','0472 9867 714','082199906733',2,3,1,2,'Aktif'),('12124208','Hamima Prabowo','Ki. Katamso No. 674, Sabang 84617, Sumut','Perempuan','Pekalongan','2009-03-12','Kristen','(+62) 378 8297 7','082199906733',2,1,2,2,'Aktif'),('12124209','Restu Pradipta','Jln. Tangkuban Perahu No. 695, Sabang 96997, DIY','Perempuan','Pangkal Pinang','2007-05-14','Kristen','0496 3795 5638','082199906733',3,1,2,1,'Aktif'),('12124210','Diana Manullang','Dk. Honggowongso No. 14, Pagar Alam 39771, Papua','Perempuan','Pasuruan','2006-05-15','Kristen','(+62) 23 9897 03','082199906733',2,3,2,2,'Aktif'),('12124211','Padmi Winarno','Ds. HOS. Cjokroaminoto (Pasirkaliki) No. 623, Makassar 62554, Jambi','Perempuan','Bogor','2008-05-24','Kristen','0288 0439 4229','082199906733',1,2,2,1,'Aktif'),('12124212','Restu Halimah','Psr. R.E. Martadinata No. 553, Bau-Bau 27808, Malut','Perempuan','Magelang','2009-03-21','Kristen','(+62) 442 4333 9','082199906733',3,3,1,2,'Aktif'),('12124213','Natalia Hakim','Ds. Siliwangi No. 614, Palangka Raya 67666, Kalbar','Perempuan','Padang','2007-09-18','Kristen','0652 0676 376','082199906733',3,2,3,2,'Aktif'),('12124214','Ghaliyati Utami','Gg. Jamika No. 477, Magelang 95262, Sumsel','Perempuan','Administrasi Jakarta Selatan','2008-09-17','Kristen','0892 9418 999','082199906733',2,1,1,1,'Aktif'),('12124215','Maimunah Kuswandari','Kpg. Suprapto No. 732, Yogyakarta 76682, Jambi','Perempuan','Cimahi','2005-09-27','Kristen','026 7542 0542','082199906733',3,1,1,1,'Aktif'),('12124216','Tantri Sinaga','Dk. Yoga No. 711, Jayapura 73668, Banten','Perempuan','Bandung','2007-04-26','Kristen','0638 2086 4449','082199906733',1,1,2,1,'Aktif'),('12124217','Maya Yulianti','Dk. Taman No. 439, Administrasi Jakarta Pusat 51127, Sulbar','Perempuan','Banjar','2008-06-03','Kristen','0625 0780 488','082199906733',3,1,2,2,'Aktif'),('12124218','Ifa Wahyudin','Psr. Sumpah Pemuda No. 700, Administrasi Jakarta Pusat 65470, Jatim','Perempuan','Administrasi Jakarta Utara','2008-06-09','Kristen','(+62) 880 0159 8','082199906733',1,1,2,2,'Aktif'),('12124219','Ami Sitorus','Ki. S. Parman No. 884, Yogyakarta 28127, Sumut','Perempuan','Administrasi Jakarta Selatan','2007-09-08','Kristen','025 0754 922','082199906733',1,1,3,1,'Aktif'),('12124220','Hasna Permata','Jln. Suniaraja No. 73, Denpasar 13894, Jatim','Perempuan','Palangka Raya','2006-07-28','Kristen','(+62) 28 3437 99','082199906733',3,2,2,2,'Aktif'),('12124221','Carla Thamrin','Psr. Padma No. 787, Pangkal Pinang 13148, Sumut','Perempuan','Kendari','2007-07-21','Kristen','0960 5758 218','082199906733',2,3,2,2,'Aktif'),('12124222','Aurora Susanti','Psr. Baranang No. 463, Administrasi Jakarta Selatan 73226, Sulbar','Perempuan','Bima','2005-07-29','Kristen','(+62) 580 9504 0','082199906733',1,2,3,1,'Aktif'),('12124223','Titin Anggriawan','Gg. Padma No. 497, Payakumbuh 44302, DIY','Perempuan','Bukittinggi','2007-06-05','Kristen','0969 5772 0783','082199906733',3,3,1,2,'Aktif'),('12124224','Genta Anggriawan','Ki. Bazuka Raya No. 573, Banjarbaru 96960, Riau','Perempuan','Padangpanjang','2006-01-09','Kristen','(+62) 29 7280 50','082199906733',2,2,2,1,'Aktif'),('12124225','Rahmi Mayasari','Dk. Qrisdoren No. 510, Lhokseumawe 70976, Aceh','Perempuan','Probolinggo','2008-01-06','Kristen','028 1218 371','082199906733',3,1,3,1,'Aktif'),('12124226','Yance Puspita','Ds. Banceng Pondok No. 73, Kendari 34091, Sulut','Perempuan','Palembang','2005-10-31','Kristen','0763 5133 515','082199906733',2,3,2,2,'Aktif'),('12124227','Eli Saragih','Dk. Flores No. 257, Bandar Lampung 99444, Riau','Perempuan','Pariaman','2007-02-24','Kristen','0812 307 818','082199906733',3,2,1,2,'Aktif'),('12124228','Hani Gunawan','Ds. Pattimura No. 728, Administrasi Jakarta Timur 70462, Jatim','Perempuan','Batu','2006-04-21','Kristen','(+62) 867 5748 4','082199906733',1,1,1,1,'Aktif'),('12124229','Hani Manullang','Ds. Warga No. 700, Prabumulih 92201, Sulteng','Perempuan','Langsa','2008-06-08','Kristen','(+62) 641 8063 1','082199906733',1,3,3,2,'Aktif'),('12124230','Zelaya Puspasari','Jr. Sukajadi No. 990, Tasikmalaya 38418, Aceh','Perempuan','Pasuruan','2005-08-26','Kristen','(+62) 693 6562 8','082199906733',1,2,2,2,'Aktif'),('12124231','Diah Megantara','Jln. Batako No. 996, Mataram 19660, Banten','Perempuan','Serang','2006-08-27','Kristen','026 6684 300','082199906733',2,3,1,1,'Aktif'),('12124232','Pia Rahmawati','Jr. Salak No. 204, Denpasar 34434, Gorontalo','Perempuan','Batam','2007-12-07','Kristen','(+62) 949 0693 9','082199906733',3,3,3,2,'Aktif'),('12124233','Kasiyah Usada','Dk. Bass No. 676, Pangkal Pinang 65813, Bengkulu','Perempuan','Solok','2006-10-10','Kristen','(+62) 26 6460 70','082199906733',3,1,1,1,'Aktif'),('12124234','Hilda Napitupulu','Jr. Suharso No. 288, Cirebon 12262, Kalteng','Perempuan','Pematangsiantar','2009-02-08','Kristen','(+62) 713 0330 2','082199906733',3,2,2,1,'Aktif'),('12124235','Belinda Andriani','Gg. Laksamana No. 844, Bengkulu 31676, DIY','Perempuan','Surakarta','2009-05-18','Kristen','022 5488 1043','082199906733',3,1,1,2,'Aktif'),('12124236','Vanya Prabowo','Ds. Sukajadi No. 121, Pangkal Pinang 22666, Sumut','Perempuan','Pasuruan','2008-12-23','Kristen','(+62) 941 7053 7','082199906733',2,2,2,1,'Aktif'),('12124237','Amelia Farida','Ds. Lumban Tobing No. 79, Depok 12644, Jabar','Perempuan','Kotamobagu','2009-01-14','Kristen','0360 5845 187','082199906733',1,1,2,1,'Aktif'),('12124238','Yuliana Suartini','Ds. Uluwatu No. 434, Palopo 14069, Aceh','Perempuan','Palopo','2005-09-28','Kristen','(+62) 21 5280 18','082199906733',3,1,3,2,'Aktif'),('12124239','Raisa Yulianti','Ki. Flora No. 686, Palembang 87809, DIY','Perempuan','Pagar Alam','2008-01-25','Kristen','(+62) 662 3577 2','082199906733',3,2,3,1,'Aktif'),('12124240','Yulia Sihombing','Gg. Rajawali Barat No. 645, Banda Aceh 66583, Kepri','Perempuan','Metro','2006-04-30','Kristen','0870 0736 132','082199906733',1,1,2,2,'Aktif'),('12124241','Fathonah Pradana','Ki. Pasir Koja No. 214, Mataram 60067, Jateng','Perempuan','Tangerang Selatan','2006-11-05','Kristen','0608 1985 312','082199906733',1,1,1,1,'Aktif'),('12124242','Zaenab Ardianto','Psr. Jend. A. Yani No. 539, Tarakan 41814, Sulut','Perempuan','Pasuruan','2006-03-09','Kristen','(+62) 534 0272 9','082199906733',1,1,2,2,'Aktif'),('12124243','Belinda Wulandari','Kpg. Ikan No. 392, Ternate 29286, Sultra','Perempuan','Bontang','2006-12-23','Kristen','(+62) 442 6542 2','082199906733',1,3,1,1,'Aktif'),('12124244','Mala Rahimah','Jln. Untung Suropati No. 701, Sabang 83173, DKI','Perempuan','Bandung','2007-10-03','Kristen','(+62) 524 9124 6','082199906733',3,3,3,1,'Aktif'),('12124245','Sakura Winarno','Ki. S. Parman No. 516, Tanjung Pinang 49858, Papua','Perempuan','Kupang','2007-10-01','Kristen','(+62) 315 8448 9','082199906733',1,3,1,1,'Aktif'),('12124246','Hana Hastuti','Psr. Ronggowarsito No. 729, Cirebon 66606, Riau','Perempuan','Administrasi Jakarta Pusat','2007-11-29','Kristen','(+62) 888 4619 7','082199906733',1,1,3,1,'Aktif'),('12124247','Mutia Napitupulu','Psr. Bak Mandi No. 270, Bontang 28645, Pabar','Perempuan','Tasikmalaya','2006-03-01','Kristen','0907 4674 199','082199906733',3,1,2,2,'Aktif'),('12124248','Kania Irawan','Psr. Gegerkalong Hilir No. 953, Palembang 37126, Sumut','Perempuan','Bogor','2008-08-31','Kristen','0764 3653 837','082199906733',1,1,1,2,'Aktif'),('12124249','Aurora Habibi','Kpg. Wahid No. 466, Banjarmasin 46732, Sumbar','Perempuan','Padang','2007-07-07','Kristen','(+62) 811 630 81','082199906733',3,1,3,1,'Aktif'),('12124250','Yulia Pratiwi','Ds. Salam No. 978, Ambon 40063, Pabar','Perempuan','Banjarbaru','2007-09-07','Kristen','(+62) 562 0789 2','082199906733',2,3,1,2,'Aktif'),('12124251','Paulin Wibowo','Kpg. Bacang No. 12, Mojokerto 16607, Maluku','Perempuan','Tangerang','2007-09-22','Kristen','(+62) 638 9531 5','082199906733',3,1,2,1,'Aktif'),('12124252','Maria Megantara','Kpg. Bagis Utama No. 915, Binjai 83918, Papua','Perempuan','Sabang','2009-04-06','Kristen','0845 1839 8284','082199906733',3,1,3,2,'Aktif'),('12124253','Ciaobella Nababan','Jr. Umalas No. 220, Administrasi Jakarta Selatan 64385, Gorontalo','Perempuan','Tanjungbalai','2007-10-25','Kristen','0460 5896 9885','082199906733',2,1,3,1,'Aktif'),('12124254','Jane Adriansyah','Dk. R.M. Said No. 678, Bukittinggi 65167, Papua','Perempuan','Samarinda','2007-06-08','Kristen','(+62) 512 3401 7','082199906733',2,1,1,2,'Aktif'),('12124255','Zulaikha Samosir','Kpg. Pasteur No. 23, Mojokerto 70344, NTT','Perempuan','Padangpanjang','2008-12-02','Kristen','0744 9874 056','082199906733',3,1,1,1,'Aktif'),('12124256','Natalia Hidayanto','Ds. Rajawali Timur No. 669, Gunungsitoli 38272, Kalsel','Perempuan','Padang','2006-01-25','Kristen','0845 5435 8326','082199906733',1,1,2,2,'Aktif'),('12124257','Uli Puspasari','Psr. Honggowongso No. 918, Sukabumi 81690, Bengkulu','Perempuan','Samarinda','2006-09-02','Kristen','(+62) 923 3643 5','082199906733',1,3,2,1,'Aktif'),('12124258','Hafshah Hassanah','Psr. Arifin No. 288, Palangka Raya 18643, Sumut','Perempuan','Tanjungbalai','2008-10-11','Kristen','(+62) 855 0531 0','082199906733',2,1,3,2,'Aktif'),('12124259','Indah Winarsih','Gg. Tubagus Ismail No. 491, Samarinda 25622, Sulsel','Perempuan','Administrasi Jakarta Utara','2005-11-10','Kristen','(+62) 662 7721 8','082199906733',1,1,2,2,'Aktif'),('12124260','Ciaobella Tamba','Ds. Villa No. 913, Kupang 92780, DIY','Perempuan','Banjarmasin','2006-03-17','Kristen','(+62) 446 9359 2','082199906733',1,2,2,1,'Aktif'),('12124261','Pia Santoso','Ds. Barat No. 371, Langsa 65842, Kaltim','Perempuan','Pekalongan','2007-01-04','Kristen','(+62) 783 5726 7','082199906733',3,1,2,2,'Aktif'),('12124262','Ina Maryati','Dk. Banal No. 25, Semarang 82840, Bali','Perempuan','Cirebon','2008-04-01','Kristen','0762 9256 2713','082199906733',2,2,1,1,'Aktif'),('12124263','Ilsa Nasyiah','Ki. Cikapayang No. 852, Padang 98753, Kalbar','Perempuan','Jambi','2006-04-08','Kristen','0423 9973 780','082199906733',3,3,2,1,'Aktif'),('12124264','Ifa Uyainah','Jr. Honggowongso No. 589, Palangka Raya 51020, Sulbar','Perempuan','Tanjungbalai','2008-02-29','Kristen','(+62) 448 4641 4','082199906733',3,3,1,1,'Aktif'),('12124265','Paris Narpati','Jr. Sudirman No. 575, Ternate 12020, Jateng','Perempuan','Bengkulu','2006-11-06','Kristen','(+62) 206 7798 5','082199906733',2,1,3,2,'Aktif'),('12124266','Mila Usada','Jr. Bata Putih No. 943, Surakarta 32757, Sulbar','Perempuan','Sibolga','2008-12-01','Kristen','022 8302 1002','082199906733',3,3,1,1,'Aktif'),('12124267','Zaenab Narpati','Ki. Astana Anyar No. 368, Palangka Raya 91350, Jateng','Perempuan','Jayapura','2009-04-08','Kristen','(+62) 818 152 85','082199906733',3,1,3,1,'Aktif'),('12124268','Putri Suryatmi','Ds. Laksamana No. 330, Denpasar 53843, Jateng','Perempuan','Kediri','2005-12-02','Kristen','(+62) 849 5610 7','082199906733',3,3,1,2,'Aktif'),('12124269','Anastasia Mandala','Jr. Daan No. 418, Bogor 15988, Babel','Perempuan','Administrasi Jakarta Barat','2008-10-19','Kristen','(+62) 945 0197 3','082199906733',2,2,1,1,'Aktif'),('12124270','Maria Salahudin','Jln. Gajah Mada No. 501, Bekasi 88460, Jateng','Perempuan','Singkawang','2007-10-10','Kristen','0831 768 117','082199906733',1,3,2,1,'Aktif'),('12124271','Melinda Pangestu','Gg. Untung Suropati No. 289, Tanjung Pinang 24242, Kalteng','Perempuan','Yogyakarta','2006-05-13','Kristen','(+62) 867 2815 0','082199906733',3,2,3,2,'Aktif'),('12124272','Yuliana Hutasoit','Dk. Cut Nyak Dien No. 60, Ambon 22086, Jabar','Perempuan','Kotamobagu','2006-10-12','Kristen','0422 1047 396','082199906733',3,3,1,2,'Aktif'),('12124273','Rahmi Handayani','Ds. Pattimura No. 822, Manado 86412, Babel','Perempuan','Tangerang Selatan','2005-11-24','Kristen','(+62) 903 4561 3','082199906733',2,3,2,2,'Aktif'),('12124274','Salimah Prastuti','Psr. Bak Air No. 458, Tarakan 54927, Jambi','Perempuan','Balikpapan','2006-12-03','Kristen','(+62) 524 6407 6','082199906733',3,1,3,1,'Aktif'),('12124275','Irma Salahudin','Kpg. Abdullah No. 893, Singkawang 31035, Maluku','Perempuan','Sorong','2008-07-04','Kristen','(+62) 561 5844 4','082199906733',1,3,3,1,'Aktif'),('12124276','Elma Prastuti','Kpg. Balikpapan No. 636, Depok 21147, Papua','Perempuan','Tangerang Selatan','2007-11-01','Kristen','(+62) 620 1297 8','082199906733',3,2,1,1,'Aktif'),('12124277','Zalindra Agustina','Psr. Bakhita No. 295, Serang 92574, NTB','Perempuan','Ambon','2005-12-04','Kristen','0532 6835 5195','082199906733',1,1,3,2,'Aktif'),('12124278','Sari Oktaviani','Psr. Bagas Pati No. 249, Bogor 23155, Sulbar','Perempuan','Balikpapan','2006-01-22','Kristen','(+62) 872 3456 4','082199906733',1,2,3,2,'Aktif'),('12124279','Unjani Habibi','Jln. Dahlia No. 689, Padangpanjang 16430, Kalbar','Perempuan','Bau-Bau','2009-02-14','Kristen','0889 1652 8680','082199906733',3,3,1,2,'Aktif'),('12124280','Victoria Tampubolon','Jr. Suryo No. 948, Pagar Alam 36484, Sumbar','Perempuan','Blitar','2008-10-04','Kristen','0452 5494 3633','082199906733',2,3,3,2,'Aktif'),('12124281','Titi Dabukke','Kpg. Salak No. 61, Sorong 59908, Pabar','Perempuan','Salatiga','2006-05-03','Kristen','0900 2182 3825','082199906733',1,2,2,1,'Aktif'),('12124282','Alika Nasyiah','Jln. Jayawijaya No. 595, Batu 74020, Kalbar','Perempuan','Surakarta','2008-11-03','Kristen','(+62) 291 8177 7','082199906733',2,3,1,1,'Aktif'),('12124283','Siska Sihotang','Jr. Kebonjati No. 919, Tegal 99076, NTB','Perempuan','Probolinggo','2007-07-06','Kristen','022 4240 692','082199906733',1,2,3,2,'Aktif'),('12124284','Citra Wibowo','Jln. Tambak No. 429, Tebing Tinggi 46169, Sulsel','Perempuan','Payakumbuh','2007-10-21','Kristen','0415 6641 000','082199906733',1,3,3,2,'Aktif'),('12124285','Diah Budiyanto','Jr. Cikapayang No. 581, Bukittinggi 68134, Kalsel','Perempuan','Binjai','2008-08-23','Kristen','0240 2492 950','082199906733',3,2,3,2,'Aktif'),('12124286','Jane Marpaung','Psr. Radio No. 336, Jambi 90420, DIY','Perempuan','Pariaman','2005-07-14','Kristen','(+62) 691 0477 0','082199906733',2,2,2,2,'Aktif'),('12124287','Ina Yuliarti','Ds. Elang No. 585, Bandung 78920, NTB','Perempuan','Semarang','2008-07-24','Kristen','(+62) 590 0280 7','082199906733',2,1,1,2,'Aktif'),('12124288','Elvina Rahimah','Ds. Teuku Umar No. 752, Kendari 38925, NTB','Perempuan','Ambon','2008-08-17','Kristen','0612 0142 4730','082199906733',3,2,1,1,'Aktif'),('12124289','Tania Halimah','Jln. Flores No. 204, Salatiga 86658, Sulbar','Perempuan','Gunungsitoli','2008-11-15','Kristen','(+62) 849 0421 9','082199906733',1,2,2,2,'Aktif'),('12124290','Agnes Rahayu','Ds. Sadang Serang No. 688, Palembang 66409, Sumsel','Perempuan','Tangerang','2007-07-28','Kristen','(+62) 892 1020 9','082199906733',3,1,3,1,'Aktif'),('12124291','Cindy Wacana','Kpg. Tubagus Ismail No. 265, Palopo 26805, Gorontalo','Perempuan','Palu','2009-02-11','Kristen','(+62) 24 9707 37','082199906733',2,3,3,2,'Aktif'),('12124292','Aisyah Hariyah','Psr. Bakti No. 982, Parepare 74396, Babel','Perempuan','Tegal','2006-08-27','Kristen','0604 7161 189','082199906733',2,1,1,2,'Aktif'),('12124293','Yessi Rajata','Jr. Antapani Lama No. 605, Denpasar 91580, Maluku','Perempuan','Bandung','2006-01-15','Kristen','(+62) 819 6557 3','082199906733',2,2,1,1,'Aktif'),('12124294','Almira Wastuti','Psr. Pattimura No. 517, Cilegon 14598, Lampung','Perempuan','Bogor','2008-10-23','Kristen','(+62) 271 5192 6','082199906733',1,1,2,1,'Aktif'),('12124295','Fitria Nurdiyanti','Jln. Kyai Gede No. 789, Tomohon 92092, Jateng','Perempuan','Salatiga','2009-02-25','Kristen','0706 7529 314','082199906733',3,3,3,2,'Aktif'),('12124296','Vicky Rahimah','Jr. Ters. Buah Batu No. 637, Metro 55530, Jambi','Perempuan','Dumai','2006-02-07','Kristen','(+62) 444 4556 4','082199906733',2,1,2,1,'Aktif'),('12124297','Unjani Andriani','Dk. Raden No. 448, Ternate 99601, Bali','Perempuan','Langsa','2009-06-29','Kristen','(+62) 465 9648 7','082199906733',3,1,2,2,'Aktif'),('12124298','Nadia Wacana','Kpg. Basoka Raya No. 87, Palopo 83276, Maluku','Perempuan','Magelang','2009-01-27','Kristen','0672 1862 2986','082199906733',3,2,3,1,'Aktif'),('12124299','Cinta Thamrin','Jln. Haji No. 870, Medan 88962, Sumsel','Perempuan','Parepare','2007-07-12','Kristen','(+62) 351 8698 7','082199906733',2,1,1,1,'Aktif'),('12125000','Eko Haryanti','Jr. Abdul. Muis No. 819, Kotamobagu 54523, Jatim','Laki-laki','Sawahlunto','2008-06-11','Kristen','(+62) 708 2607 1','082199906733',2,3,2,1,'Aktif'),('12125001','Rusman Anggraini','Ds. Bak Mandi No. 271, Administrasi Jakarta Selatan 42751, Papua','Laki-laki','Bukittinggi','2008-10-27','Kristen','0552 5241 0294','082199906733',2,1,1,1,'Aktif'),('12125002','Jaswadi Sudiati','Gg. Bappenas No. 299, Cimahi 98785, Sulteng','Laki-laki','Kediri','2007-07-23','Kristen','(+62) 726 7230 4','082199906733',1,1,2,1,'Aktif'),('12125003','Agus Utama','Ds. Abang No. 246, Tarakan 88551, NTB','Laki-laki','Banjar','2007-11-01','Kristen','(+62) 868 5112 3','082199906733',2,3,3,1,'Aktif'),('12125004','Niyaga Mahendra','Psr. Yogyakarta No. 785, Palu 17787, Kalbar','Laki-laki','Yogyakarta','2005-12-08','Kristen','0581 9078 9703','082199906733',1,1,2,1,'Aktif'),('12125005','Warsita Putra','Kpg. R.E. Martadinata No. 443, Tangerang 99936, DKI','Laki-laki','Surakarta','2007-10-24','Kristen','0710 9463 946','082199906733',1,1,2,2,'Aktif'),('12125006','Nasab Sihotang','Ki. Jaksa No. 494, Singkawang 39095, Kalbar','Laki-laki','Gorontalo','2006-12-15','Kristen','0440 8313 597','082199906733',1,1,2,2,'Aktif'),('12125007','Jumadi Simbolon','Psr. Lada No. 843, Pematangsiantar 55803, Kaltara','Laki-laki','Bekasi','2008-11-21','Kristen','0514 1994 326','082199906733',1,3,3,2,'Aktif'),('12125008','Adika Mangunsong','Ds. Asia Afrika No. 595, Tanjungbalai 77372, Sumsel','Laki-laki','Jayapura','2009-03-29','Kristen','0893 5629 0922','082199906733',2,3,1,1,'Aktif'),('12125009','Yoga Gunawan','Jln. Raden Saleh No. 420, Bengkulu 32788, Kalbar','Laki-laki','Pekanbaru','2007-08-03','Kristen','0352 3746 348','082199906733',3,2,1,1,'Aktif'),('12125010','Lukman Susanti','Jr. Tubagus Ismail No. 643, Administrasi Jakarta Selatan 11964, Sumsel','Laki-laki','Depok','2006-09-18','Kristen','0707 2731 223','082199906733',3,1,3,2,'Aktif'),('12125011','Putu Kusmawati','Dk. Wahidin No. 645, Administrasi Jakarta Selatan 30919, Jateng','Laki-laki','Manado','2008-02-10','Kristen','(+62) 26 7641 07','082199906733',1,2,2,2,'Aktif'),('12125012','Martaka Pranowo','Gg. Siliwangi No. 415, Administrasi Jakarta Pusat 84015, Kaltara','Laki-laki','Cirebon','2005-09-27','Kristen','0465 3201 297','082199906733',1,2,1,1,'Aktif'),('12125013','Prayogo Damanik','Ki. Banceng Pondok No. 638, Sungai Penuh 99009, Jabar','Laki-laki','Ternate','2005-10-29','Kristen','0930 7512 000','082199906733',3,2,2,2,'Aktif'),('12125014','Wira Napitupulu','Jln. M.T. Haryono No. 315, Surakarta 85698, Bengkulu','Laki-laki','Malang','2005-07-25','Kristen','0359 3463 000','082199906733',2,1,1,2,'Aktif'),('12125015','Luthfi Wahyuni','Ki. Camar No. 851, Tegal 99260, Maluku','Laki-laki','Bengkulu','2005-12-15','Kristen','(+62) 336 3138 7','082199906733',3,1,1,1,'Aktif'),('12125016','Wakiman Winarno','Kpg. Moch. Ramdan No. 260, Denpasar 54469, Sumut','Laki-laki','Madiun','2007-02-10','Kristen','0547 5950 066','082199906733',1,3,2,2,'Aktif'),('12125017','Galuh Astuti','Jln. Balikpapan No. 595, Payakumbuh 85936, Kalsel','Laki-laki','Batu','2006-02-07','Kristen','0879 877 820','082199906733',1,1,3,2,'Aktif'),('12125018','Darmaji Wahyudin','Kpg. Gardujati No. 734, Tangerang Selatan 95831, Kaltim','Laki-laki','Gunungsitoli','2008-07-11','Kristen','(+62) 827 887 17','082199906733',1,2,3,2,'Aktif'),('12125019','Nasim Widiastuti','Dk. Teuku Umar No. 737, Sungai Penuh 42743, Jateng','Laki-laki','Padang','2006-07-28','Kristen','(+62) 834 7515 1','082199906733',3,1,1,1,'Aktif'),('12125020','Bagus Puspita','Psr. Pattimura No. 137, Tangerang Selatan 87979, NTT','Laki-laki','Sibolga','2008-05-05','Kristen','0944 0018 721','082199906733',2,1,3,1,'Aktif'),('12125021','Kamidin Kusumo','Kpg. Cikapayang No. 550, Dumai 20134, Kaltim','Laki-laki','Serang','2007-11-17','Kristen','0344 2676 9960','082199906733',2,3,3,2,'Aktif'),('12125022','Balijan Hutagalung','Dk. Lumban Tobing No. 902, Yogyakarta 16463, Kalbar','Laki-laki','Banjar','2008-12-09','Kristen','(+62) 636 5624 2','082199906733',1,2,3,1,'Aktif'),('12125023','Galiono Hassanah','Jr. M.T. Haryono No. 438, Bandung 75190, Kalsel','Laki-laki','Padang','2009-03-17','Kristen','(+62) 358 7470 0','082199906733',3,3,1,2,'Aktif'),('12125024','Raditya Rahmawati','Kpg. M.T. Haryono No. 582, Serang 90796, Sulsel','Laki-laki','Subulussalam','2005-08-01','Kristen','0518 2013 826','082199906733',1,1,2,1,'Aktif'),('12125025','Ivan Winarno','Ki. Flora No. 746, Lhokseumawe 25734, Kaltim','Laki-laki','Manado','2006-09-02','Kristen','0899 346 597','082199906733',3,3,2,2,'Aktif'),('12125026','Oman Saragih','Psr. Urip Sumoharjo No. 695, Banjar 33642, Sultra','Laki-laki','Jambi','2006-10-14','Kristen','(+62) 403 8179 9','082199906733',2,3,1,2,'Aktif'),('12125027','Cengkal Haryanti','Ki. Gatot Subroto No. 193, Padang 67174, Sumut','Laki-laki','Padangsidempuan','2008-12-13','Kristen','(+62) 469 2973 6','082199906733',3,2,1,2,'Aktif'),('12125028','Panca Wulandari','Kpg. Ciwastra No. 158, Bontang 90447, Sulsel','Laki-laki','Palu','2007-05-27','Kristen','(+62) 395 7649 4','082199906733',2,2,1,1,'Aktif'),('12125029','Candrakanta Saefullah','Kpg. BKR No. 660, Tidore Kepulauan 90218, Pabar','Laki-laki','Padangsidempuan','2005-07-24','Kristen','(+62) 802 3969 0','082199906733',2,3,1,2,'Aktif'),('12125030','Adikara Hartati','Jln. Baan No. 160, Padangsidempuan 41731, Sumsel','Laki-laki','Makassar','2005-12-27','Kristen','0540 7731 6108','082199906733',2,3,1,2,'Aktif'),('12125031','Purwanto Halimah','Jln. Siliwangi No. 327, Administrasi Jakarta Timur 69369, Sulsel','Laki-laki','Dumai','2006-03-10','Kristen','0858 1749 577','082199906733',1,2,1,2,'Aktif'),('12125032','Yono Kuswoyo','Dk. Juanda No. 462, Makassar 62050, Papua','Laki-laki','Probolinggo','2007-08-26','Kristen','0855 6815 283','082199906733',1,1,3,1,'Aktif'),('12125033','Mahfud Sudiati','Dk. HOS. Cjokroaminoto (Pasirkaliki) No. 354, Depok 92290, Pabar','Laki-laki','Gunungsitoli','2006-01-09','Kristen','023 9337 4178','082199906733',1,3,3,2,'Aktif'),('12125034','Mursinin Nurdiyanti','Ds. Suryo Pranoto No. 206, Pekalongan 37531, Bali','Laki-laki','Padang','2006-08-09','Kristen','0441 1755 3679','082199906733',3,1,2,2,'Aktif'),('12125035','Bagya Padmasari','Psr. Reksoninten No. 555, Madiun 54306, Jatim','Laki-laki','Singkawang','2006-03-11','Kristen','0313 2391 4114','082199906733',3,2,3,2,'Aktif'),('12125036','Daliono Palastri','Jr. Moch. Toha No. 793, Salatiga 51169, Bengkulu','Laki-laki','Pekanbaru','2008-08-01','Kristen','(+62) 713 7176 3','082199906733',2,1,1,2,'Aktif'),('12125037','Bagya Nasyiah','Gg. Jagakarsa No. 127, Payakumbuh 56963, NTB','Laki-laki','Yogyakarta','2007-09-21','Kristen','0915 1857 8741','082199906733',1,3,1,1,'Aktif'),('12125038','Mulyono Mulyani','Ds. Abdul. Muis No. 235, Samarinda 10104, Riau','Laki-laki','Sabang','2005-09-14','Kristen','0824 1427 1975','082199906733',2,1,1,1,'Aktif'),('12125039','Jaga Astuti','Ds. Siliwangi No. 515, Pontianak 65993, Lampung','Laki-laki','Banda Aceh','2009-05-07','Kristen','0604 2939 626','082199906733',3,2,1,1,'Aktif'),('12125040','Gaman Melani','Ds. Bagonwoto  No. 491, Administrasi Jakarta Utara 58574, Jambi','Laki-laki','Tomohon','2007-01-27','Kristen','(+62) 778 4433 4','082199906733',2,1,1,1,'Aktif'),('12125041','Nasim Oktaviani','Dk. Reksoninten No. 857, Parepare 62914, Sultra','Laki-laki','Tarakan','2007-11-26','Kristen','(+62) 29 7264 88','082199906733',2,2,1,2,'Aktif'),('12125042','Mahmud Megantara','Ds. Arifin No. 172, Cilegon 91973, NTT','Laki-laki','Administrasi Jakarta Pusat','2007-12-06','Kristen','(+62) 851 238 86','082199906733',3,1,1,2,'Aktif'),('12125043','Cakrabirawa Wibisono','Psr. Imam No. 617, Batu 61112, Bali','Laki-laki','Tangerang Selatan','2007-02-10','Kristen','0924 1770 557','082199906733',3,1,1,2,'Aktif'),('12125044','Lasmono Wacana','Jr. Bambon No. 63, Solok 51863, Sumbar','Laki-laki','Denpasar','2006-05-08','Kristen','0607 6724 636','082199906733',2,3,2,2,'Aktif'),('12125045','Jinawi Winarno','Jln. Kyai Gede No. 105, Padang 75172, Babel','Laki-laki','Bitung','2008-12-21','Kristen','0909 7328 6359','082199906733',3,3,2,2,'Aktif'),('12125046','Wahyu Padmasari','Dk. Jaksa No. 491, Pasuruan 32060, Sultra','Laki-laki','Malang','2008-09-18','Kristen','0429 4654 1474','082199906733',2,1,3,1,'Aktif'),('12125047','Dipa Gunawan','Jr. Astana Anyar No. 652, Pekanbaru 21825, Gorontalo','Laki-laki','Banjarbaru','2007-11-20','Kristen','0267 0605 002','082199906733',2,3,1,2,'Aktif'),('12125048','Darmana Irawan','Gg. Dago No. 376, Bau-Bau 86948, Banten','Laki-laki','Tomohon','2005-08-02','Kristen','021 9698 9126','082199906733',3,3,2,2,'Aktif'),('12125049','Hardana Purnawati','Ds. Diponegoro No. 715, Pangkal Pinang 42146, Banten','Laki-laki','Tarakan','2009-06-19','Kristen','(+62) 489 5405 2','082199906733',3,3,3,2,'Aktif'),('12125050','Ghani Farida','Ki. Nanas No. 990, Administrasi Jakarta Barat 82719, Pabar','Laki-laki','Prabumulih','2009-03-19','Kristen','0303 6420 068','082199906733',1,2,3,1,'Aktif'),('12125051','Prakosa Widodo','Jr. Halim No. 6, Pariaman 93660, Maluku','Laki-laki','Salatiga','2006-05-28','Kristen','0808 837 565','082199906733',1,3,2,2,'Aktif'),('12125052','Emas Kuswoyo','Jln. Bagis Utama No. 936, Administrasi Jakarta Selatan 55781, Sumsel','Laki-laki','Makassar','2009-02-17','Kristen','(+62) 766 6615 8','082199906733',2,2,3,2,'Aktif'),('12125053','Sakti Aryani','Jr. Wahid No. 664, Pontianak 46683, Sulteng','Laki-laki','Blitar','2005-07-28','Kristen','0868 6876 459','082199906733',1,1,2,1,'Aktif'),('12125054','Jais Purnawati','Ki. Rumah Sakit No. 811, Singkawang 26017, Sulbar','Laki-laki','Sukabumi','2005-11-06','Kristen','(+62) 317 5012 8','082199906733',3,1,3,2,'Aktif'),('12125055','Mujur Yolanda','Ki. Pasirkoja No. 667, Balikpapan 42901, Sulteng','Laki-laki','Jayapura','2008-12-03','Kristen','(+62) 20 5713 39','082199906733',1,1,3,2,'Aktif'),('12125056','Asmuni Hutasoit','Jr. Setiabudhi No. 867, Pangkal Pinang 64299, Kaltim','Laki-laki','Sukabumi','2008-02-13','Kristen','(+62) 564 8977 5','082199906733',3,2,2,1,'Aktif'),('12125057','Pranata Latupono','Jr. Baja No. 780, Malang 79856, DKI','Laki-laki','Kotamobagu','2007-04-24','Kristen','(+62) 493 7501 9','082199906733',3,3,2,1,'Aktif'),('12125058','Sidiq Anggraini','Dk. Uluwatu No. 445, Malang 79907, Bengkulu','Laki-laki','Batam','2009-06-28','Kristen','021 0287 209','082199906733',2,2,2,1,'Aktif'),('12125059','Cemeti Nurdiyanti','Dk. Jayawijaya No. 366, Kotamobagu 77046, Sumsel','Laki-laki','Lhokseumawe','2005-08-28','Kristen','0969 0722 724','082199906733',1,3,2,2,'Aktif'),('12125060','Eman Palastri','Jln. Reksoninten No. 302, Langsa 83381, Sulut','Laki-laki','Tebing Tinggi','2006-07-13','Kristen','0432 7344 0302','082199906733',1,3,1,2,'Aktif'),('12125061','Lurhur Januar','Jr. Gotong Royong No. 199, Pariaman 77652, Sumsel','Laki-laki','Mojokerto','2008-02-11','Kristen','(+62) 27 2300 92','082199906733',3,2,3,2,'Aktif'),('12125062','Wardi Hasanah','Jln. Supono No. 948, Administrasi Jakarta Pusat 42213, Sulut','Laki-laki','Banjarmasin','2007-01-23','Kristen','(+62) 656 5433 8','082199906733',2,1,2,2,'Aktif'),('12125063','Marwata Hidayat','Kpg. Wahidin No. 385, Administrasi Jakarta Pusat 64829, Jatim','Laki-laki','Ambon','2008-01-18','Kristen','(+62) 856 7858 0','082199906733',1,2,3,1,'Aktif'),('12125064','Rafid Suartini','Gg. Suryo No. 34, Sawahlunto 71859, Bali','Laki-laki','Pontianak','2006-03-04','Kristen','0670 0364 066','082199906733',3,1,3,1,'Aktif'),('12125065','Aditya Wulandari','Jln. Kali No. 241, Tanjung Pinang 81505, Kepri','Laki-laki','Tegal','2005-07-29','Kristen','(+62) 237 0824 2','082199906733',1,2,3,1,'Aktif'),('12125066','Sidiq Wijayanti','Jln. Yohanes No. 395, Administrasi Jakarta Utara 98939, Pabar','Laki-laki','Sabang','2007-02-15','Kristen','(+62) 537 0979 4','082199906733',3,2,1,2,'Aktif'),('12125067','Irnanto Palastri','Ds. Sentot Alibasa No. 876, Jambi 24534, Banten','Laki-laki','Tanjungbalai','2007-01-15','Kristen','(+62) 216 8003 6','082199906733',1,2,3,2,'Aktif'),('12125068','Dwi Kuswandari','Dk. Honggowongso No. 783, Gorontalo 15258, Jambi','Laki-laki','Tebing Tinggi','2005-10-28','Kristen','(+62) 890 6341 7','082199906733',1,1,1,1,'Aktif'),('12125069','Aslijan Yolanda','Gg. Industri No. 294, Depok 83329, Jatim','Laki-laki','Bontang','2008-03-03','Kristen','0307 2893 0406','082199906733',3,2,2,2,'Aktif'),('12125070','Mitra Siregar','Jln. Barat No. 883, Sungai Penuh 10102, Sumbar','Laki-laki','Pagar Alam','2008-01-03','Kristen','0829 783 360','082199906733',1,1,2,2,'Aktif'),('12125071','Nardi Farida','Jln. Badak No. 654, Pekanbaru 98792, Sumsel','Laki-laki','Langsa','2007-06-18','Kristen','0880 1357 7014','082199906733',3,3,1,1,'Aktif'),('12125072','Sidiq Utami','Jr. Nangka No. 814, Bukittinggi 38955, Sumbar','Laki-laki','Solok','2007-04-04','Kristen','(+62) 460 5322 3','082199906733',2,3,1,2,'Aktif'),('12125073','Gandi Thamrin','Gg. Katamso No. 431, Sawahlunto 71623, Sumut','Laki-laki','Administrasi Jakarta Utara','2006-06-21','Kristen','0397 6349 9777','082199906733',2,3,3,1,'Aktif'),('12125074','Banawa Wulandari','Psr. Abdul. Muis No. 66, Kotamobagu 26000, DKI','Laki-laki','Bontang','2008-05-24','Kristen','0898 531 019','082199906733',1,1,2,1,'Aktif'),('12125075','Jagapati Sudiati','Psr. Bakin No. 804, Metro 64763, NTT','Laki-laki','Tidore Kepulauan','2006-11-01','Kristen','021 1589 3016','082199906733',2,3,2,1,'Aktif'),('12125076','Utama Laksita','Gg. Umalas No. 562, Surakarta 23200, Gorontalo','Laki-laki','Gorontalo','2008-01-06','Kristen','0754 9556 9147','082199906733',3,1,1,2,'Aktif'),('12125077','Cakrabuana Hutapea','Dk. Balikpapan No. 84, Pagar Alam 95692, Bengkulu','Laki-laki','Sungai Penuh','2006-07-31','Kristen','(+62) 574 3517 0','082199906733',3,2,2,1,'Aktif'),('12125078','Najib Nuraini','Kpg. Gedebage Selatan No. 799, Binjai 68449, Kepri','Laki-laki','Tebing Tinggi','2005-08-30','Kristen','(+62) 245 8519 8','082199906733',2,3,2,1,'Aktif'),('12125079','Gangsar Hasanah','Gg. Basket No. 3, Banjar 61462, Kalsel','Laki-laki','Jayapura','2005-11-09','Kristen','0645 5531 910','082199906733',2,1,1,2,'Aktif'),('12125080','Harsana Rajasa','Psr. Teuku Umar No. 15, Probolinggo 25541, Kepri','Laki-laki','Pariaman','2008-07-09','Kristen','020 0992 0325','082199906733',3,2,3,2,'Aktif'),('12125081','Daru Pradana','Kpg. K.H. Wahid Hasyim (Kopo) No. 731, Bukittinggi 17405, Kepri','Laki-laki','Langsa','2007-02-23','Kristen','(+62) 799 5867 3','082199906733',1,1,2,1,'Aktif'),('12125082','Chandra Purnawati','Psr. Padang No. 748, Tebing Tinggi 76959, Sulbar','Laki-laki','Banjarbaru','2008-11-02','Kristen','(+62) 447 6256 4','082199906733',2,3,3,1,'Aktif'),('12125083','Asirwada Hariyah','Ki. Rajawali Barat No. 131, Blitar 36129, Sumbar','Laki-laki','Banjar','2005-08-30','Kristen','(+62) 448 1460 6','082199906733',1,3,2,1,'Aktif'),('12125084','Gandewa Dabukke','Jr. Yos No. 188, Padang 61729, Bali','Laki-laki','Bima','2005-08-27','Kristen','(+62) 769 4707 1','082199906733',1,2,1,2,'Aktif'),('12125085','Kajen Nasyidah','Ki. Sugiyopranoto No. 852, Depok 21797, Gorontalo','Laki-laki','Langsa','2006-09-16','Kristen','(+62) 28 7751 41','082199906733',3,1,1,1,'Aktif'),('12125086','Karman Puspita','Ds. Peta No. 520, Bau-Bau 69951, Jambi','Laki-laki','Jayapura','2007-12-06','Kristen','0671 2973 6004','082199906733',1,2,3,1,'Aktif'),('12125087','Hasta Sudiati','Jln. Ciumbuleuit No. 212, Lhokseumawe 28345, Kaltara','Laki-laki','Mojokerto','2005-10-19','Kristen','(+62) 746 6748 2','082199906733',2,1,1,2,'Aktif'),('12125088','Aditya Utami','Jln. Pasirkoja No. 672, Parepare 56683, Bali','Laki-laki','Palangka Raya','2009-04-28','Kristen','(+62) 394 6661 6','082199906733',1,3,1,1,'Aktif'),('12125089','Samsul Laksita','Psr. Bawal No. 749, Dumai 52354, Kalsel','Laki-laki','Payakumbuh','2008-03-31','Kristen','(+62) 23 8722 39','082199906733',2,3,1,1,'Aktif'),('12125090','Adikara Permadi','Gg. Kali No. 793, Malang 83379, Jabar','Laki-laki','Medan','2007-10-05','Kristen','(+62) 554 0412 1','082199906733',3,2,1,2,'Aktif'),('12125091','Asman Hassanah','Ds. Laswi No. 227, Sungai Penuh 65336, Sulut','Laki-laki','Depok','2005-07-04','Kristen','(+62) 816 8774 2','082199906733',2,2,3,2,'Aktif'),('12125092','Banawi Marpaung','Dk. Bak Mandi No. 355, Tarakan 49245, Papua','Laki-laki','Banda Aceh','2008-08-15','Kristen','(+62) 428 0234 8','082199906733',3,2,3,1,'Aktif'),('12125093','Bambang Siregar','Dk. Uluwatu No. 426, Bitung 62999, Gorontalo','Laki-laki','Blitar','2006-09-06','Kristen','0594 7261 990','082199906733',3,3,3,2,'Aktif'),('12125094','Dirja Aryani','Kpg. Lumban Tobing No. 945, Banjarbaru 37358, Babel','Laki-laki','Bontang','2007-09-07','Kristen','0684 4020 002','082199906733',2,2,1,1,'Aktif'),('12125095','Radit Hartati','Dk. Padang No. 897, Gunungsitoli 76607, NTB','Laki-laki','Ambon','2006-09-22','Kristen','(+62) 527 9834 3','082199906733',1,2,1,2,'Aktif'),('12125096','Warji Hariyah','Ds. Asia Afrika No. 431, Tidore Kepulauan 59551, Kalteng','Laki-laki','Pasuruan','2005-11-20','Kristen','0893 2520 2211','082199906733',2,3,3,1,'Aktif'),('12125097','Akarsana Usamah','Kpg. Lumban Tobing No. 226, Yogyakarta 76207, Papua','Laki-laki','Parepare','2009-05-16','Kristen','0533 0111 9799','082199906733',2,2,2,1,'Aktif'),('12125098','Radika Winarsih','Jr. Bank Dagang Negara No. 993, Binjai 40276, Kaltara','Laki-laki','Pontianak','2007-06-20','Kristen','0466 0026 822','082199906733',3,3,1,1,'Aktif'),('12125099','Alambana Sudiati','Gg. Dago No. 196, Ambon 62100, Babel','Laki-laki','Medan','2007-06-11','Kristen','(+62) 574 4707 6','082199906733',3,3,3,2,'Aktif'),('12125100','Latif Iswahyudi','Ki. Hang No. 504, Prabumulih 81529, Jambi','Laki-laki','Magelang','2007-06-29','Kristen','(+62) 20 4926 92','082199906733',3,3,3,2,'Aktif'),('12125101','Naradi Prabowo','Jr. Badak No. 117, Administrasi Jakarta Pusat 54629, Maluku','Laki-laki','Tidore Kepulauan','2009-03-30','Kristen','(+62) 639 7817 7','082199906733',2,3,1,2,'Aktif'),('12125102','Rafid Namaga','Gg. Bambu No. 113, Tarakan 22406, Sultra','Laki-laki','Tebing Tinggi','2008-01-20','Kristen','(+62) 519 2934 1','082199906733',3,3,2,2,'Aktif'),('12125103','Ajiono Marbun','Gg. Teuku Umar No. 982, Jambi 36251, Kalsel','Laki-laki','Medan','2008-09-21','Kristen','(+62) 773 8313 6','082199906733',3,2,2,1,'Aktif'),('12125104','Harjo Gunawan','Jr. Yos No. 484, Madiun 43492, Lampung','Laki-laki','Denpasar','2007-11-24','Kristen','0492 5210 4694','082199906733',3,1,2,1,'Aktif'),('12125105','Rahmat Wacana','Ki. Honggowongso No. 696, Tual 67730, Kaltim','Laki-laki','Tanjungbalai','2008-10-24','Kristen','(+62) 517 7830 2','082199906733',3,2,3,1,'Aktif'),('12125106','Rahman Wahyuni','Jr. Bhayangkara No. 201, Kendari 86479, DKI','Laki-laki','Padangpanjang','2008-06-13','Kristen','(+62) 317 1340 2','082199906733',1,3,1,2,'Aktif'),('12125107','Eko Pudjiastuti','Jln. Badak No. 917, Kupang 93203, Jabar','Laki-laki','Kupang','2007-01-24','Kristen','(+62) 880 756 46','082199906733',3,3,2,1,'Aktif'),('12125108','Daliono Permadi','Gg. Bayam No. 363, Administrasi Jakarta Pusat 41868, Kalteng','Laki-laki','Langsa','2005-07-21','Kristen','0674 1906 9166','082199906733',2,3,3,2,'Aktif'),('12125109','Bajragin Firgantoro','Jln. Cokroaminoto No. 198, Surabaya 40653, Jateng','Laki-laki','Tidore Kepulauan','2006-12-23','Kristen','0600 3100 3660','082199906733',3,3,1,1,'Aktif'),('12125110','Tasnim Utami','Dk. Gatot Subroto No. 276, Banda Aceh 41723, NTB','Laki-laki','Medan','2006-12-08','Kristen','(+62) 590 6495 1','082199906733',2,1,3,1,'Aktif'),('12125111','Caturangga Mansur','Gg. Surapati No. 489, Blitar 79634, Sulut','Laki-laki','Palangka Raya','2009-05-24','Kristen','0859 3743 240','082199906733',2,1,2,1,'Aktif'),('12125112','Bala Pertiwi','Jr. Banda No. 23, Palopo 42312, Bali','Laki-laki','Ambon','2009-02-24','Kristen','0450 8558 0125','082199906733',1,1,1,1,'Aktif'),('12125113','Teguh Riyanti','Dk. Haji No. 837, Palu 23757, Kepri','Laki-laki','Payakumbuh','2009-03-27','Kristen','0537 9484 1382','082199906733',2,3,2,1,'Aktif'),('12125114','Luthfi Usamah','Kpg. Camar No. 984, Banjar 70114, Kaltara','Laki-laki','Tasikmalaya','2009-06-24','Kristen','(+62) 782 8501 3','082199906733',3,3,3,1,'Aktif'),('12125115','Wisnu Tarihoran','Ds. Gedebage Selatan No. 665, Medan 50180, Kalbar','Laki-laki','Tangerang','2007-04-26','Kristen','0838 809 077','082199906733',2,2,1,1,'Aktif'),('12125116','Umaya Widodo','Dk. Veteran No. 541, Yogyakarta 60455, Jatim','Laki-laki','Bau-Bau','2005-10-31','Kristen','(+62) 493 5963 3','082199906733',1,2,3,1,'Aktif'),('12125117','Saadat Hastuti','Ds. Hasanuddin No. 879, Pekanbaru 93066, Sumbar','Laki-laki','Palu','2007-10-19','Kristen','0956 1900 0160','082199906733',1,2,1,2,'Aktif'),('12125118','Kenes Aryani','Dk. Agus Salim No. 334, Dumai 28166, Sulut','Laki-laki','Sawahlunto','2005-08-29','Kristen','0756 6845 0869','082199906733',3,1,2,1,'Aktif'),('12125119','Viktor Maulana','Kpg. Imam Bonjol No. 175, Samarinda 24911, DKI','Laki-laki','Salatiga','2006-11-11','Kristen','(+62) 367 7583 3','082199906733',1,3,2,1,'Aktif'),('12125120','Hendra Nashiruddin','Gg. Abdul No. 315, Denpasar 89271, Bali','Laki-laki','Jambi','2007-04-24','Kristen','(+62) 265 7860 3','082199906733',2,3,1,1,'Aktif'),('12125121','Mustika Farida','Psr. Lumban Tobing No. 978, Padang 31691, Jabar','Laki-laki','Pangkal Pinang','2006-08-24','Kristen','025 8034 632','082199906733',1,2,1,2,'Aktif'),('12125122','Jumari Wijaya','Gg. Laksamana No. 386, Dumai 71185, Kalbar','Laki-laki','Sabang','2006-03-14','Kristen','(+62) 403 1955 3','082199906733',1,1,1,1,'Aktif'),('12125123','Lembah Wahyuni','Dk. Imam No. 126, Tanjung Pinang 45110, Sulbar','Laki-laki','Dumai','2005-07-14','Kristen','025 1722 9653','082199906733',2,2,2,1,'Aktif'),('12125124','Bala Wijayanti','Ki. Baranang Siang Indah No. 835, Cilegon 38328, DIY','Laki-laki','Bukittinggi','2008-08-18','Kristen','(+62) 403 0139 2','082199906733',1,3,3,1,'Aktif'),('12125125','Timbul Maryati','Ki. Baja Raya No. 222, Solok 86448, Banten','Laki-laki','Gorontalo','2006-02-05','Kristen','(+62) 782 5622 4','082199906733',2,2,2,2,'Aktif'),('12125126','Ajimat Usamah','Dk. Gotong Royong No. 183, Sawahlunto 12543, Kalbar','Laki-laki','Kediri','2006-05-08','Kristen','(+62) 284 1167 6','082199906733',2,3,2,1,'Aktif'),('12125127','Panca Maryati','Dk. Sukabumi No. 344, Bau-Bau 72312, Sulbar','Laki-laki','Yogyakarta','2008-12-08','Kristen','0267 4672 4243','082199906733',2,3,3,1,'Aktif'),('12125128','Vero Nashiruddin','Kpg. Wora Wari No. 167, Manado 95867, NTB','Laki-laki','Jayapura','2006-10-19','Kristen','(+62) 537 5800 2','082199906733',3,2,1,2,'Aktif'),('12125129','Mahmud Laksmiwati','Jln. Diponegoro No. 502, Pekanbaru 21957, Sulsel','Laki-laki','Bima','2007-07-23','Kristen','(+62) 297 7640 9','082199906733',2,1,2,1,'Aktif'),('12125130','Ozy Uyainah','Gg. Baja No. 281, Administrasi Jakarta Pusat 42460, Bengkulu','Laki-laki','Palopo','2008-03-03','Kristen','(+62) 200 0868 6','082199906733',1,2,1,1,'Aktif'),('12125131','Gandi Hutagalung','Kpg. Supono No. 100, Sawahlunto 23704, NTB','Laki-laki','Sukabumi','2008-09-08','Kristen','(+62) 269 1099 0','082199906733',3,2,2,2,'Aktif'),('12125132','Dimaz Winarsih','Ki. Pahlawan No. 122, Padangsidempuan 54547, Bali','Laki-laki','Semarang','2008-07-25','Kristen','(+62) 562 0675 3','082199906733',2,2,3,1,'Aktif'),('12125133','Kalim Halimah','Ds. Suniaraja No. 742, Medan 37569, Sumsel','Laki-laki','Sorong','2007-07-10','Kristen','0271 9886 831','082199906733',1,1,1,2,'Aktif'),('12125134','Gambira Tampubolon','Gg. Sampangan No. 963, Sawahlunto 92435, Riau','Laki-laki','Sawahlunto','2007-01-25','Kristen','(+62) 904 3534 7','082199906733',2,2,2,2,'Aktif'),('12125135','Edward Usada','Jr. Yos No. 893, Mojokerto 93588, Sulbar','Laki-laki','Tarakan','2009-01-24','Kristen','0444 6099 6080','082199906733',3,3,3,2,'Aktif'),('12125136','Adhiarja Palastri','Dk. Samanhudi No. 724, Padang 73386, Gorontalo','Laki-laki','Salatiga','2009-01-23','Kristen','0909 6114 2829','082199906733',1,2,1,2,'Aktif'),('12125137','Jatmiko Wibisono','Kpg. Wora Wari No. 266, Tanjung Pinang 36410, Kaltara','Laki-laki','Administrasi Jakarta Timur','2008-02-09','Kristen','0904 9303 7226','082199906733',1,2,3,1,'Aktif'),('12125138','Emil Waskita','Jln. Peta No. 732, Pariaman 46874, Sumbar','Laki-laki','Banjar','2006-07-21','Kristen','(+62) 464 0885 9','082199906733',2,1,3,1,'Aktif'),('12125139','Jaswadi Prastuti','Psr. Arifin No. 695, Jambi 50877, Kalsel','Laki-laki','Jambi','2009-01-19','Kristen','0313 5243 8823','082199906733',1,1,2,1,'Aktif'),('12125140','Cengkal Kuswandari','Ds. Baranang Siang No. 475, Subulussalam 59019, Pabar','Laki-laki','Bima','2006-08-21','Kristen','(+62) 326 6222 0','082199906733',1,3,2,2,'Aktif'),('12125141','Eman Budiman','Gg. Abang No. 693, Bukittinggi 26538, Sulsel','Laki-laki','Cimahi','2006-08-26','Kristen','(+62) 620 7063 5','082199906733',3,2,3,1,'Aktif'),('12125142','Emil Kusumo','Ki. Raden No. 615, Magelang 98767, Banten','Laki-laki','Magelang','2006-10-14','Kristen','0846 390 661','082199906733',1,3,3,1,'Aktif'),('12125143','Lasmono Utama','Ds. Baladewa No. 621, Tual 50270, Jateng','Laki-laki','Padangsidempuan','2005-09-26','Kristen','0842 1668 4929','082199906733',2,2,3,1,'Aktif'),('12125144','Cengkal Waluyo','Ds. Abdul Rahmat No. 811, Serang 37081, Jatim','Laki-laki','Prabumulih','2008-09-13','Kristen','(+62) 995 3019 5','082199906733',1,1,1,1,'Aktif'),('12125145','Rosman Uwais','Dk. Raya Ujungberung No. 731, Payakumbuh 98480, Pabar','Laki-laki','Banjarbaru','2006-12-04','Kristen','(+62) 493 2278 6','082199906733',1,3,1,2,'Aktif'),('12125146','Hartaka Halim','Dk. Zamrud No. 502, Bekasi 62787, Sultra','Laki-laki','Binjai','2006-02-28','Kristen','0245 0972 525','082199906733',3,3,2,2,'Aktif'),('12125147','Hardana Hutagalung','Psr. Jamika No. 351, Kendari 66609, Papua','Laki-laki','Tomohon','2008-10-18','Kristen','0811 5429 2429','082199906733',2,3,2,2,'Aktif'),('12125148','Nasrullah Maheswara','Jr. Bahagia  No. 516, Tidore Kepulauan 11615, DKI','Laki-laki','Mojokerto','2006-12-14','Kristen','(+62) 772 4999 9','082199906733',3,3,1,2,'Aktif'),('12125149','Edi Aryani','Gg. Barasak No. 160, Tual 34101, Banten','Laki-laki','Banjar','2007-01-04','Kristen','0690 4272 174','082199906733',2,3,2,1,'Aktif'),('12125150','Luthfi Ramadan','Jln. Wora Wari No. 807, Subulussalam 82667, Kaltara','Laki-laki','Magelang','2008-06-28','Kristen','(+62) 720 3245 4','082199906733',3,3,2,2,'Aktif'),('12125151','Eka Budiyanto','Ds. Laswi No. 279, Payakumbuh 18420, Sumbar','Laki-laki','Sawahlunto','2006-05-19','Kristen','0726 0805 740','082199906733',2,1,1,1,'Aktif'),('12125152','Adikara Yolanda','Jr. Kalimalang No. 517, Madiun 32461, DIY','Laki-laki','Bekasi','2008-06-24','Kristen','0388 6826 5611','082199906733',1,1,1,1,'Aktif'),('12125153','Empluk Nuraini','Jln. Yoga No. 305, Batu 10059, Aceh','Laki-laki','Gorontalo','2007-09-22','Kristen','(+62) 731 6026 1','082199906733',3,3,1,2,'Aktif'),('12125154','Parman Rajasa','Ds. Karel S. Tubun No. 331, Bandung 79389, Kaltim','Laki-laki','Bandar Lampung','2007-11-13','Kristen','027 4363 602','082199906733',3,1,2,2,'Aktif'),('12125155','Balamantri Dongoran','Gg. Imam Bonjol No. 259, Pariaman 96077, Maluku','Laki-laki','Palopo','2006-09-23','Kristen','(+62) 595 5225 8','082199906733',1,3,3,2,'Aktif'),('12125156','Gatot Yulianti','Ki. Jambu No. 409, Administrasi Jakarta Utara 95378, DKI','Laki-laki','Samarinda','2009-02-18','Kristen','0587 8256 596','082199906733',2,3,2,2,'Aktif'),('12125157','Dartono Pertiwi','Psr. Ciwastra No. 987, Cimahi 29452, Kalteng','Laki-laki','Padang','2008-09-25','Kristen','(+62) 265 6102 7','082199906733',2,2,3,2,'Aktif'),('12125158','Luwar Wahyudin','Ds. Bakhita No. 585, Bau-Bau 63048, Kepri','Laki-laki','Salatiga','2008-10-06','Kristen','(+62) 703 2213 7','082199906733',2,1,2,2,'Aktif'),('12125159','Ajimin Mahendra','Jln. Abdul No. 984, Tanjungbalai 47401, Pabar','Laki-laki','Balikpapan','2007-09-17','Kristen','(+62) 492 1504 1','082199906733',2,3,3,2,'Aktif'),('12125160','Dirja Utami','Gg. Kyai Gede No. 942, Denpasar 12371, Lampung','Laki-laki','Bandung','2007-03-13','Kristen','(+62) 817 4688 8','082199906733',1,1,3,1,'Aktif'),('12125161','Raharja Hasanah','Jr. Abdul Muis No. 183, Madiun 97914, Aceh','Laki-laki','Pagar Alam','2006-01-30','Kristen','(+62) 827 546 11','082199906733',1,1,1,1,'Aktif'),('12125162','Baktiono Kusumo','Jln. Sukabumi No. 606, Pangkal Pinang 43290, Maluku','Laki-laki','Metro','2007-04-18','Kristen','(+62) 606 5676 9','082199906733',3,2,3,1,'Aktif'),('12125163','Ganda Hastuti','Kpg. Banal No. 688, Yogyakarta 54014, Kalbar','Laki-laki','Cilegon','2005-10-14','Kristen','(+62) 828 0498 1','082199906733',2,2,3,1,'Aktif'),('12125164','Latif Hutagalung','Jln. Suniaraja No. 582, Salatiga 42477, Sulsel','Laki-laki','Madiun','2006-07-19','Kristen','0880 4555 741','082199906733',1,1,1,1,'Aktif'),('12125165','Caraka Rahimah','Jr. Flora No. 953, Dumai 48775, Sumut','Laki-laki','Tidore Kepulauan','2006-09-03','Kristen','(+62) 395 6392 3','082199906733',3,1,2,2,'Aktif'),('12125166','Gaiman Kusumo','Jr. Wahidin No. 108, Batu 20862, Sumut','Laki-laki','Tidore Kepulauan','2008-11-21','Kristen','0337 5004 1403','082199906733',2,1,3,1,'Aktif'),('12125167','Muhammad Haryanti','Psr. Abdullah No. 771, Tangerang 82437, Pabar','Laki-laki','Cilegon','2008-02-05','Kristen','(+62) 965 5819 1','082199906733',1,2,3,1,'Aktif'),('12125168','Upik Yuniar','Gg. Bank Dagang Negara No. 860, Cilegon 82334, DKI','Laki-laki','Subulussalam','2008-09-01','Kristen','0707 3662 2848','082199906733',1,3,3,2,'Aktif'),('12125169','Marsudi Ardianto','Dk. Jambu No. 290, Bekasi 58715, Sumut','Laki-laki','Palembang','2009-05-27','Kristen','(+62) 384 9841 2','082199906733',2,1,1,1,'Aktif'),('12125170','Jaya Wahyudin','Jr. Tambun No. 46, Pontianak 65658, Jatim','Laki-laki','Pagar Alam','2008-08-29','Kristen','(+62) 750 7242 0','082199906733',3,1,2,2,'Aktif'),('12125171','Bakiadi Handayani','Psr. Yap Tjwan Bing No. 91, Ternate 24634, NTT','Laki-laki','Balikpapan','2008-01-15','Kristen','(+62) 526 3866 1','082199906733',3,2,1,1,'Aktif'),('12125172','Mahmud Mansur','Ki. Bakti No. 634, Palopo 45407, Jambi','Laki-laki','Administrasi Jakarta Pusat','2006-08-26','Kristen','(+62) 834 617 68','082199906733',3,1,1,1,'Aktif'),('12125173','Galak Nasyiah','Ds. Jagakarsa No. 366, Kendari 94951, Malut','Laki-laki','Ternate','2008-07-03','Kristen','0548 9335 719','082199906733',1,1,3,1,'Aktif'),('12125174','Artawan Kusmawati','Dk. Gatot Subroto No. 57, Bima 88416, Banten','Laki-laki','Kotamobagu','2007-11-04','Kristen','(+62) 810 390 21','082199906733',1,1,3,2,'Aktif'),('12125175','Asmianto Lailasari','Psr. Sutarto No. 56, Bandar Lampung 55510, Jatim','Laki-laki','Banda Aceh','2007-07-12','Kristen','0269 2986 793','082199906733',1,3,2,1,'Aktif'),('12125176','Kenari Iswahyudi','Ki. Baing No. 373, Subulussalam 80052, Riau','Laki-laki','Bima','2007-04-01','Kristen','0578 7821 382','082199906733',2,2,1,2,'Aktif'),('12125177','Vinsen Pangestu','Ki. Cikapayang No. 331, Yogyakarta 33437, Jateng','Laki-laki','Gorontalo','2006-02-24','Kristen','(+62) 740 5071 4','082199906733',2,3,2,2,'Aktif'),('12125178','Jarwadi Lailasari','Jr. Sunaryo No. 511, Administrasi Jakarta Timur 22493, Pabar','Laki-laki','Lubuklinggau','2006-01-08','Kristen','(+62) 441 4493 5','082199906733',1,2,1,1,'Aktif'),('12125179','Baktiadi Santoso','Jln. Ters. Kiaracondong No. 138, Bukittinggi 82352, Jabar','Laki-laki','Sungai Penuh','2006-09-11','Kristen','0394 8479 117','082199906733',1,2,3,2,'Aktif'),('12125180','Ibrani Astuti','Dk. Agus Salim No. 637, Parepare 42871, Sulbar','Laki-laki','Kotamobagu','2008-10-24','Kristen','(+62) 481 2566 8','082199906733',1,1,2,1,'Aktif'),('12125181','Atmaja Nainggolan','Ki. Bak Air No. 753, Bekasi 19467, Jateng','Laki-laki','Malang','2007-11-20','Kristen','0924 9365 528','082199906733',2,2,2,1,'Aktif'),('12125182','Karja Mayasari','Jln. Honggowongso No. 591, Jambi 77923, Bali','Laki-laki','Administrasi Jakarta Pusat','2008-10-10','Kristen','0351 5574 791','082199906733',1,3,2,2,'Aktif'),('12125183','Ismail Nurdiyanti','Kpg. Bayan No. 438, Bontang 65260, Banten','Laki-laki','Batam','2005-08-03','Kristen','0845 039 538','082199906733',2,3,1,1,'Aktif'),('12125184','Among Oktaviani','Psr. Sutan Syahrir No. 896, Tarakan 12198, Kalbar','Laki-laki','Malang','2006-10-01','Kristen','0893 6178 566','082199906733',3,1,1,2,'Aktif'),('12125185','Rama Pudjiastuti','Ds. Jaksa No. 34, Palangka Raya 85537, Gorontalo','Laki-laki','Salatiga','2006-11-04','Kristen','(+62) 824 1333 8','082199906733',3,3,2,1,'Aktif'),('12125186','Hamzah Anggriawan','Jln. Raya Ujungberung No. 703, Bekasi 94474, Kalsel','Laki-laki','Tanjung Pinang','2005-12-25','Kristen','0876 956 149','082199906733',3,3,2,1,'Aktif'),('12125187','Baktiadi Widiastuti','Jr. Pahlawan No. 916, Pekanbaru 37713, Kepri','Laki-laki','Mojokerto','2008-12-07','Kristen','(+62) 224 7493 8','082199906733',2,1,2,1,'Aktif'),('12125188','Darimin Suartini','Ki. Gading No. 945, Pagar Alam 12227, Jambi','Laki-laki','Solok','2007-12-14','Kristen','(+62) 565 8902 2','082199906733',1,2,3,2,'Aktif'),('12125189','Eko Laksita','Kpg. Pahlawan No. 182, Kupang 96481, Sumbar','Laki-laki','Bengkulu','2006-08-11','Kristen','(+62) 712 4894 7','082199906733',3,2,2,2,'Aktif'),('12125190','Saka Hastuti','Gg. Karel S. Tubun No. 47, Kotamobagu 91742, Sultra','Laki-laki','Pariaman','2008-10-05','Kristen','0679 5440 5135','082199906733',3,3,2,2,'Aktif'),('12125191','Galur Sinaga','Dk. Ters. Buah Batu No. 564, Administrasi Jakarta Barat 54485, Aceh','Laki-laki','Parepare','2008-06-25','Kristen','0749 9732 2089','082199906733',2,2,3,1,'Aktif'),('12125192','Liman Usamah','Dk. Yos Sudarso No. 491, Tarakan 80634, Sulbar','Laki-laki','Banjarbaru','2008-09-17','Kristen','0498 4928 047','082199906733',1,3,3,1,'Aktif'),('12125193','Latif Hidayat','Gg. Lembong No. 202, Bandung 21978, Sulut','Laki-laki','Surabaya','2006-03-13','Kristen','021 6171 9473','082199906733',2,2,1,2,'Aktif'),('12125194','Edward Prakasa','Dk. Bank Dagang Negara No. 602, Manado 65039, Sumut','Laki-laki','Padangsidempuan','2006-04-26','Kristen','(+62) 960 4940 3','082199906733',3,1,3,1,'Aktif'),('12125195','Jamal Putra','Ki. Sukabumi No. 635, Sukabumi 83706, Kalteng','Laki-laki','Sabang','2007-05-01','Kristen','(+62) 223 2190 0','082199906733',2,1,1,2,'Aktif'),('12125196','Ganjaran Mulyani','Jln. Kalimalang No. 465, Blitar 27375, Sulsel','Laki-laki','Surakarta','2006-03-31','Kristen','0260 1422 3182','082199906733',3,3,3,2,'Aktif'),('12125197','Kariman Marpaung','Jln. Otto No. 65, Depok 78943, Sumsel','Laki-laki','Pangkal Pinang','2005-10-05','Kristen','0300 7023 2179','082199906733',2,2,1,1,'Aktif'),('12125198','Karman Hutagalung','Dk. Abdul. Muis No. 953, Tanjungbalai 17284, Jambi','Laki-laki','Jayapura','2008-12-11','Kristen','(+62) 766 9673 4','082199906733',3,3,2,1,'Aktif'),('12125199','Laksana Saptono','Gg. Siliwangi No. 110, Bima 41690, NTT','Laki-laki','Manado','2009-05-17','Kristen','0826 693 111','082199906733',2,1,1,1,'Aktif'),('12125200','Ikhsan Saptono','Kpg. Sugiyopranoto No. 9, Bogor 13870, Gorontalo','Laki-laki','Tegal','2005-10-11','Kristen','0878 6459 804','082199906733',1,1,1,1,'Aktif'),('12125201','Reksa Nasyidah','Psr. Abang No. 289, Mojokerto 89675, Babel','Laki-laki','Tegal','2005-10-02','Kristen','0435 8046 285','082199906733',2,1,1,2,'Aktif'),('12125202','Perkasa Wasita','Dk. Lada No. 60, Ternate 26633, Malut','Laki-laki','Kediri','2006-10-30','Kristen','(+62) 25 0836 00','082199906733',1,3,2,2,'Aktif'),('12125203','Galih Laksita','Kpg. Warga No. 66, Pematangsiantar 62318, NTT','Laki-laki','Sabang','2005-07-23','Kristen','0234 0403 567','082199906733',3,2,2,1,'Aktif'),('12125204','Kasim Novitasari','Jr. Pelajar Pejuang 45 No. 197, Pematangsiantar 85661, DKI','Laki-laki','Kediri','2008-04-01','Kristen','(+62) 353 2849 2','082199906733',3,1,3,2,'Aktif'),('12125205','Erik Farida','Kpg. Cut Nyak Dien No. 616, Administrasi Jakarta Selatan 22299, Jatim','Laki-laki','Bitung','2006-12-26','Kristen','(+62) 23 4537 31','082199906733',1,1,3,2,'Aktif'),('12125206','Ikhsan Aryani','Kpg. Babadan No. 959, Magelang 67668, Banten','Laki-laki','Solok','2007-10-27','Kristen','0313 8821 3750','082199906733',1,1,3,1,'Aktif'),('12125207','Irnanto Mandala','Jr. Peta No. 989, Pekalongan 63510, Kalsel','Laki-laki','Bitung','2005-09-30','Kristen','026 3966 788','082199906733',3,1,2,1,'Aktif'),('12125208','Cakrawangsa Hassanah','Ki. Basoka Raya No. 722, Ternate 57575, Kaltim','Laki-laki','Batu','2007-02-06','Kristen','0419 9683 615','082199906733',1,2,1,1,'Aktif'),('12125209','Anggabaya Permadi','Ds. B.Agam 1 No. 309, Pagar Alam 79783, Jabar','Laki-laki','Sawahlunto','2009-06-07','Kristen','0720 5369 5919','082199906733',2,3,2,2,'Aktif'),('12125210','Emil Natsir','Ki. Cikutra Barat No. 235, Banjarmasin 63677, Kaltara','Laki-laki','Palopo','2005-10-16','Kristen','0252 6470 864','082199906733',1,3,2,1,'Aktif'),('12125211','Harimurti Wastuti','Gg. Bass No. 32, Bekasi 83924, Sultra','Laki-laki','Bima','2008-07-18','Kristen','023 3314 9679','082199906733',1,2,1,1,'Aktif'),('12125212','Digdaya Adriansyah','Ki. Suniaraja No. 18, Kediri 32231, DIY','Laki-laki','Subulussalam','2007-07-20','Kristen','(+62) 636 3332 2','082199906733',3,2,2,2,'Aktif'),('12125213','Jaga Tamba','Psr. Bawal No. 824, Malang 72404, Gorontalo','Laki-laki','Pasuruan','2008-02-18','Kristen','(+62) 22 6148 59','082199906733',2,2,3,1,'Aktif'),('12125214','Hasim Dongoran','Kpg. Kartini No. 106, Semarang 63870, Sumut','Laki-laki','Pagar Alam','2005-08-12','Kristen','(+62) 844 8490 7','082199906733',3,1,1,1,'Aktif'),('12125215','Kajen Yulianti','Psr. Gambang No. 129, Magelang 39503, Bengkulu','Laki-laki','Yogyakarta','2006-08-16','Kristen','(+62) 540 7367 0','082199906733',3,3,2,1,'Aktif'),('12125216','Garda Salahudin','Psr. Bawal No. 731, Padangsidempuan 29706, Kaltara','Laki-laki','Batam','2007-09-08','Kristen','0743 5544 310','082199906733',2,3,3,2,'Aktif'),('12125217','Limar Budiman','Jln. Daan No. 363, Yogyakarta 14598, Sulteng','Laki-laki','Yogyakarta','2005-11-13','Kristen','0880 3461 3773','082199906733',2,3,3,1,'Aktif'),('12125218','Purwanto Rajasa','Ki. Zamrud No. 731, Pekalongan 79610, Bengkulu','Laki-laki','Solok','2007-02-21','Kristen','024 9586 3232','082199906733',2,2,3,2,'Aktif'),('12125219','Ibrahim Hutagalung','Jr. Bara Tambar No. 679, Jayapura 52878, DIY','Laki-laki','Kupang','2008-04-26','Kristen','(+62) 321 1181 8','082199906733',2,3,2,1,'Aktif'),('12125220','Slamet Saefullah','Gg. Raya Setiabudhi No. 830, Jayapura 55428, Jatim','Laki-laki','Sukabumi','2006-04-19','Kristen','(+62) 578 8923 9','082199906733',1,3,2,2,'Aktif'),('12125221','Oskar Usada','Dk. Yos Sudarso No. 928, Pekalongan 69898, DIY','Laki-laki','Sawahlunto','2005-11-17','Kristen','0759 1718 421','082199906733',2,1,1,2,'Aktif'),('12125222','Kalim Yulianti','Gg. Tambun No. 48, Payakumbuh 15481, NTT','Laki-laki','Kediri','2005-09-20','Kristen','0376 3805 161','082199906733',1,3,2,2,'Aktif'),('12125223','Halim Rajata','Ki. Fajar No. 956, Tanjung Pinang 64667, Riau','Laki-laki','Cirebon','2006-11-19','Kristen','0257 5195 244','082199906733',3,3,1,1,'Aktif'),('12125224','Artanto Yolanda','Dk. Tambun No. 443, Tasikmalaya 78764, Kepri','Laki-laki','Palangka Raya','2005-11-01','Kristen','0219 8216 854','082199906733',3,3,1,1,'Aktif'),('12125225','Mulyanto Kusmawati','Psr. Basuki Rahmat  No. 273, Tanjung Pinang 75555, Jatim','Laki-laki','Banjar','2007-07-22','Kristen','(+62) 604 2020 1','082199906733',2,1,2,1,'Aktif'),('12125226','Irnanto Prayoga','Ds. Labu No. 833, Pagar Alam 18086, Kaltara','Laki-laki','Parepare','2006-09-04','Kristen','0874 9944 4721','082199906733',2,1,2,2,'Aktif'),('12125227','Kemal Mandala','Dk. Kyai Mojo No. 650, Ternate 87345, Gorontalo','Laki-laki','Denpasar','2008-06-26','Kristen','(+62) 741 5380 2','082199906733',3,1,3,2,'Aktif'),('12125228','Jaga Iswahyudi','Jln. Basoka No. 232, Singkawang 64090, Sumsel','Laki-laki','Depok','2006-10-26','Kristen','0782 2859 572','082199906733',1,2,2,1,'Aktif'),('12125229','Ganda Sudiati','Psr. Cikapayang No. 395, Cirebon 50704, Papua','Laki-laki','Solok','2005-07-23','Kristen','(+62) 27 5076 98','082199906733',1,3,3,1,'Aktif'),('12125230','Eko Nasyiah','Gg. Fajar No. 290, Sorong 94849, Babel','Laki-laki','Banda Aceh','2005-10-20','Kristen','(+62) 881 5198 9','082199906733',1,1,1,1,'Aktif'),('12125231','Manah Pudjiastuti','Psr. Bakhita No. 814, Mataram 77257, Sulteng','Laki-laki','Sibolga','2008-03-16','Kristen','(+62) 768 5748 2','082199906733',2,1,2,2,'Aktif'),('12125232','Eka Rahimah','Dk. Pintu Besar Selatan No. 177, Pontianak 92472, Jambi','Laki-laki','Palopo','2006-05-18','Kristen','0221 2668 270','082199906733',2,3,2,2,'Aktif'),('12125233','Prayoga Zulkarnain','Jr. Bak Mandi No. 773, Ternate 91229, Sumsel','Laki-laki','Banjar','2006-05-19','Kristen','(+62) 314 5010 0','082199906733',2,2,1,1,'Aktif'),('12125234','Kawaca Widiastuti','Kpg. Haji No. 849, Sungai Penuh 32538, Jabar','Laki-laki','Cirebon','2008-04-15','Kristen','(+62) 432 8320 2','082199906733',3,1,3,1,'Aktif'),('12125235','Hartaka Pratiwi','Ki. Cikapayang No. 11, Tual 10752, Sulteng','Laki-laki','Padangpanjang','2006-06-08','Kristen','(+62) 970 4141 0','082199906733',3,1,2,2,'Aktif'),('12125236','Panji Santoso','Ds. Asia Afrika No. 843, Bau-Bau 18251, Jatim','Laki-laki','Palangka Raya','2006-06-13','Kristen','0818 172 398','082199906733',2,3,2,2,'Aktif'),('12125237','Darijan Marpaung','Gg. Madiun No. 233, Batu 46923, NTT','Laki-laki','Subulussalam','2007-03-31','Kristen','(+62) 383 8194 7','082199906733',1,1,1,2,'Aktif'),('12125238','Asmuni Yolanda','Dk. Salatiga No. 202, Cilegon 53667, DIY','Laki-laki','Sibolga','2009-02-18','Kristen','0931 3153 5645','082199906733',3,1,2,1,'Aktif'),('12125239','Dagel Laksita','Psr. Warga No. 868, Payakumbuh 80634, Sulsel','Laki-laki','Solok','2005-10-07','Kristen','0800 1837 5534','082199906733',3,2,1,1,'Aktif'),('12125240','Daliono Budiyanto','Psr. Bahagia  No. 172, Samarinda 35589, Bengkulu','Laki-laki','Bandar Lampung','2006-12-13','Kristen','(+62) 364 0388 1','082199906733',1,1,1,1,'Aktif'),('12125241','Pranata Tampubolon','Dk. Bata Putih No. 109, Palu 27807, DIY','Laki-laki','Cimahi','2007-09-10','Kristen','0508 4135 113','082199906733',2,1,2,1,'Aktif'),('12125242','Saka Sitompul','Ds. Batako No. 79, Administrasi Jakarta Utara 29511, Sulbar','Laki-laki','Mataram','2007-05-15','Kristen','(+62) 243 1836 6','082199906733',2,3,3,1,'Aktif'),('12125243','Gaiman Nasyidah','Ds. Kali No. 404, Bau-Bau 32424, Sulteng','Laki-laki','Bogor','2007-06-02','Kristen','0289 9183 5927','082199906733',1,1,2,1,'Aktif'),('12125244','Karta Pertiwi','Ki. Basmol Raya No. 273, Administrasi Jakarta Barat 15738, Papua','Laki-laki','Pagar Alam','2009-07-01','Kristen','(+62) 969 3072 7','082199906733',3,1,1,1,'Aktif'),('12125245','Darsirah Wibisono','Ki. Yohanes No. 89, Administrasi Jakarta Selatan 65019, Sulsel','Laki-laki','Tangerang','2006-03-07','Kristen','(+62) 392 0749 8','082199906733',2,3,1,1,'Aktif'),('12125246','Mitra Rahimah','Ki. Tambak No. 890, Banjarbaru 53655, Kaltim','Laki-laki','Malang','2008-07-04','Kristen','(+62) 445 7541 9','082199906733',3,2,1,2,'Aktif'),('12125247','Ade Sirait','Dk. Babadan No. 101, Padangpanjang 52446, Kalsel','Laki-laki','Banda Aceh','2006-02-01','Kristen','(+62) 845 3865 5','082199906733',3,3,1,2,'Aktif'),('12125248','Lanang Nasyidah','Psr. Ters. Kiaracondong No. 231, Mataram 15167, Jambi','Laki-laki','Batam','2007-08-30','Kristen','(+62) 572 6233 9','082199906733',1,2,2,1,'Aktif'),('12125249','Daliono Irawan','Psr. Ketandan No. 73, Bandar Lampung 45891, Sumbar','Laki-laki','Tomohon','2007-05-17','Kristen','0202 5989 0345','082199906733',3,1,2,1,'Aktif'),('12125250','Tirta Siregar','Jln. Bakhita No. 419, Padangsidempuan 51274, Jabar','Laki-laki','Medan','2008-02-04','Kristen','0368 6300 3702','082199906733',1,3,1,2,'Aktif'),('12125251','Lukita Agustina','Ki. Camar No. 646, Padangsidempuan 58788, Kalbar','Laki-laki','Kupang','2007-10-13','Kristen','023 7405 943','082199906733',1,1,2,2,'Aktif'),('12125252','Garang Jailani','Dk. Kebonjati No. 408, Bau-Bau 64052, Jambi','Laki-laki','Blitar','2009-06-20','Kristen','0860 382 263','082199906733',3,2,1,1,'Aktif'),('12125253','Viktor Yolanda','Kpg. Yap Tjwan Bing No. 469, Kediri 14263, Kaltim','Laki-laki','Parepare','2007-05-31','Kristen','0596 9359 7367','082199906733',2,2,3,1,'Aktif'),('12125254','Gandi Usada','Ki. Sunaryo No. 328, Administrasi Jakarta Pusat 24046, Gorontalo','Laki-laki','Pasuruan','2008-06-21','Kristen','023 2073 8247','082199906733',2,2,1,1,'Aktif'),('12125255','Chandra Iswahyudi','Jr. Casablanca No. 184, Balikpapan 32675, Sulteng','Laki-laki','Pasuruan','2005-12-21','Kristen','0472 5733 4090','082199906733',2,1,3,2,'Aktif'),('12125256','Cengkal Megantara','Kpg. Sutan Syahrir No. 933, Subulussalam 14252, Malut','Laki-laki','Batam','2008-01-25','Kristen','0901 3060 289','082199906733',2,1,3,1,'Aktif'),('12125257','Pranawa Andriani','Ki. Monginsidi No. 515, Sorong 44881, Pabar','Laki-laki','Administrasi Jakarta Utara','2008-09-13','Kristen','0439 4166 616','082199906733',3,1,2,2,'Aktif'),('12125258','Ismail Irawan','Gg. Dipatiukur No. 195, Sibolga 43097, Lampung','Laki-laki','Administrasi Jakarta Timur','2009-01-17','Kristen','0823 225 720','082199906733',3,1,1,2,'Aktif'),('12125259','Adhiarja Wahyuni','Jln. Wahid Hasyim No. 129, Solok 83783, Bali','Laki-laki','Manado','2006-05-26','Kristen','(+62) 573 0936 0','082199906733',3,3,2,2,'Aktif'),('12125260','Karman Andriani','Ki. Sudiarto No. 919, Bima 46664, Sumbar','Laki-laki','Yogyakarta','2006-04-05','Kristen','(+62) 963 4386 2','082199906733',3,2,2,2,'Aktif'),('12125261','Parman Maryati','Gg. Kali No. 914, Tual 61265, Kaltim','Laki-laki','Sibolga','2008-09-22','Kristen','(+62) 480 8655 6','082199906733',1,2,1,2,'Aktif'),('12125262','Ibrani Budiyanto','Ki. Industri No. 930, Bekasi 60941, Kalsel','Laki-laki','Madiun','2007-02-08','Kristen','(+62) 926 3911 9','082199906733',1,2,2,1,'Aktif'),('12125263','Hasan Haryanti','Psr. Ters. Pasir Koja No. 154, Cimahi 51971, Kaltim','Laki-laki','Pontianak','2007-03-05','Kristen','(+62) 590 3542 1','082199906733',2,3,1,1,'Aktif'),('12125264','Empluk Rahmawati','Ki. Barat No. 725, Singkawang 60162, Lampung','Laki-laki','Banjarbaru','2009-05-05','Kristen','024 7836 338','082199906733',2,2,3,2,'Aktif'),('12125265','Gangsar Hidayanto','Jr. Jayawijaya No. 865, Padangpanjang 45470, Sultra','Laki-laki','Surakarta','2008-09-18','Kristen','0750 0459 274','082199906733',1,2,1,2,'Aktif'),('12125266','Cahya Sirait','Ds. S. Parman No. 859, Yogyakarta 89150, NTT','Laki-laki','Tanjung Pinang','2008-05-13','Kristen','(+62) 332 7374 8','082199906733',1,2,3,1,'Aktif'),('12125267','Koko Nasyiah','Jr. Dipatiukur No. 204, Banjarbaru 92867, Sulsel','Laki-laki','Batam','2006-11-15','Kristen','0576 7763 5174','082199906733',2,2,1,2,'Aktif'),('12125268','Raihan Palastri','Jln. Thamrin No. 630, Depok 28121, Gorontalo','Laki-laki','Tebing Tinggi','2007-04-09','Kristen','(+62) 508 4093 6','082199906733',1,1,3,1,'Aktif'),('12125269','Bakiadi Hakim','Dk. Ir. H. Juanda No. 515, Semarang 99210, Babel','Laki-laki','Kendari','2006-11-03','Kristen','0531 3007 096','082199906733',1,1,2,1,'Aktif'),('12125270','Rahman Salahudin','Kpg. Bagonwoto  No. 322, Banda Aceh 83808, Maluku','Laki-laki','Pematangsiantar','2007-02-12','Kristen','0420 3319 096','082199906733',3,3,1,2,'Aktif'),('12125271','Ikin Sirait','Ds. Rumah Sakit No. 243, Bau-Bau 22009, Sulteng','Laki-laki','Bandar Lampung','2007-07-10','Kristen','022 6985 853','082199906733',2,3,1,2,'Aktif'),('12125272','Ajimat Nuraini','Dk. R.E. Martadinata No. 196, Salatiga 90137, NTB','Laki-laki','Ambon','2007-10-15','Kristen','(+62) 339 9771 7','082199906733',1,3,3,1,'Aktif'),('12125273','Bahuraksa Hassanah','Ki. Jambu No. 526, Subulussalam 10383, Kaltim','Laki-laki','Bima','2008-11-25','Kristen','(+62) 459 6698 7','082199906733',1,2,1,1,'Aktif'),('12125274','Edi Kusmawati','Ds. Daan No. 505, Tebing Tinggi 81347, Kalbar','Laki-laki','Tomohon','2008-01-20','Kristen','022 1521 295','082199906733',2,2,3,2,'Aktif'),('12125275','Marsudi Wastuti','Ki. Acordion No. 440, Bandung 75759, Kalteng','Laki-laki','Cilegon','2007-08-01','Kristen','0399 1512 864','082199906733',1,3,1,1,'Aktif'),('12125276','Uda Uyainah','Jln. HOS. Cjokroaminoto (Pasirkaliki) No. 141, Payakumbuh 17237, DKI','Laki-laki','Batam','2008-03-22','Kristen','(+62) 23 3200 89','082199906733',1,3,2,1,'Aktif'),('12125277','Capa Firmansyah','Jln. Mulyadi No. 352, Mojokerto 43269, Sulbar','Laki-laki','Padangsidempuan','2005-08-30','Kristen','(+62) 22 7517 26','082199906733',3,1,1,2,'Aktif'),('12125278','Galur Lazuardi','Gg. Reksoninten No. 816, Jayapura 22778, Sumbar','Laki-laki','Bogor','2007-06-07','Kristen','0743 3769 6309','082199906733',3,1,2,2,'Aktif'),('12125279','Tri Usada','Ds. Pasteur No. 558, Kotamobagu 30672, NTT','Laki-laki','Gorontalo','2008-06-14','Kristen','0471 7712 4101','082199906733',3,2,1,2,'Aktif'),('12125280','Jail Halim','Jln. Aceh No. 305, Manado 56162, Kalteng','Laki-laki','Sabang','2007-02-15','Kristen','0909 8018 4282','082199906733',2,3,2,2,'Aktif'),('12125281','Nasab Widiastuti','Gg. Sudiarto No. 515, Tangerang 35636, Jatim','Laki-laki','Balikpapan','2007-03-06','Kristen','0207 2207 944','082199906733',3,1,1,1,'Aktif'),('12125282','Hardi Setiawan','Ki. Ronggowarsito No. 439, Magelang 61820, Papua','Laki-laki','Yogyakarta','2009-05-16','Kristen','(+62) 259 5568 2','082199906733',3,1,1,1,'Aktif'),('12125283','Karna Salahudin','Gg. Hasanuddin No. 371, Pariaman 85094, Sumut','Laki-laki','Tual','2006-09-04','Kristen','0838 1761 473','082199906733',2,1,3,1,'Aktif'),('12125284','Pranawa Laksmiwati','Psr. Yoga No. 601, Bitung 68192, Sumsel','Laki-laki','Tarakan','2006-01-18','Kristen','0547 2107 5716','082199906733',3,1,2,1,'Aktif'),('12125285','Ajimat Manullang','Jln. Salak No. 912, Administrasi Jakarta Timur 82905, Kalsel','Laki-laki','Cilegon','2007-08-02','Kristen','(+62) 293 1641 3','082199906733',2,1,1,1,'Aktif'),('12125286','Wawan Nasyidah','Ki. Bambu No. 108, Bogor 49754, Maluku','Laki-laki','Madiun','2007-02-04','Kristen','0916 8625 201','082199906733',3,3,1,1,'Aktif'),('12125287','Damu Laksmiwati','Ki. Nakula No. 244, Balikpapan 94167, Sumbar','Laki-laki','Administrasi Jakarta Barat','2006-02-20','Kristen','0710 6868 168','082199906733',2,3,1,1,'Aktif'),('12125288','Jarwa Hardiansyah','Dk. Bah Jaya No. 607, Palangka Raya 84226, Jatim','Laki-laki','Balikpapan','2008-11-23','Kristen','0717 2363 5604','082199906733',3,3,3,1,'Aktif'),('12125289','Alambana Uyainah','Jr. Basmol Raya No. 625, Tomohon 79775, Kaltim','Laki-laki','Depok','2006-08-01','Kristen','(+62) 900 9964 3','082199906733',3,3,1,1,'Aktif'),('12125290','Lutfan Siregar','Jln. Bayam No. 332, Jayapura 93141, Riau','Laki-laki','Bitung','2008-10-17','Kristen','021 0454 169','082199906733',3,1,3,1,'Aktif'),('12125291','Bancar Pratiwi','Jln. Bambon No. 860, Palembang 67931, Lampung','Laki-laki','Padangpanjang','2007-08-03','Kristen','0218 0431 210','082199906733',2,1,2,2,'Aktif'),('12125292','Raihan Putra','Psr. Bahagia  No. 596, Depok 95955, Sumut','Laki-laki','Denpasar','2006-06-07','Kristen','(+62) 647 9782 2','082199906733',1,2,3,1,'Aktif'),('12125293','Harjasa Laksita','Ki. Mahakam No. 882, Padangpanjang 78300, DKI','Laki-laki','Parepare','2008-01-21','Kristen','(+62) 340 4724 5','082199906733',1,2,3,2,'Aktif'),('12125294','Bakda Utama','Dk. Muwardi No. 107, Bitung 80705, Sumsel','Laki-laki','Sukabumi','2009-01-14','Kristen','(+62) 727 3705 7','082199906733',1,1,1,2,'Aktif'),('12125295','Reza Manullang','Jln. Baranang Siang No. 254, Palopo 15472, Aceh','Laki-laki','Pagar Alam','2007-10-30','Kristen','0425 9822 4728','082199906733',2,2,1,1,'Aktif'),('12125296','Erik Hardiansyah','Psr. Madiun No. 63, Surabaya 52899, Kaltim','Laki-laki','Bandung','2008-06-20','Kristen','021 4973 506','082199906733',2,1,1,1,'Aktif'),('12125297','Cahyo Laksmiwati','Psr. Siliwangi No. 767, Tasikmalaya 40231, Banten','Laki-laki','Padangpanjang','2007-09-13','Kristen','0942 3519 028','082199906733',1,2,3,1,'Aktif'),('12125298','Kurnia Hartati','Dk. Zamrud No. 805, Palangka Raya 34680, Kalbar','Laki-laki','Mojokerto','2006-11-09','Kristen','(+62) 255 2548 7','082199906733',1,3,2,1,'Aktif'),('12125299','Jinawi Haryanto','Ki. Sukabumi No. 95, Bogor 77617, Kalbar','Laki-laki','Lubuklinggau','2008-02-19','Kristen','(+62) 482 3769 4','082199906733',3,1,3,1,'Aktif'),('12133001','Elia Christenly Tanonggi','Hotel 777, Abepura','Perempuan','Timika','2006-06-13','Islam','082238204778','082238204776',NULL,NULL,NULL,NULL,'Aktif'),('12133002','Imanuel Adolof Deni Beay','Belakang Koramil, Abepura','Laki-laki','Jayapura','2006-12-12','Islam','082238204773','082238204772',NULL,NULL,NULL,NULL,'Aktif'),('12133003','Maria Goretti Endemina Batlaye','Belakang Koramil, Abepura','Perempuan','Jayapura','2006-12-12','Islam','082238204773','082238204772',NULL,NULL,NULL,NULL,'Aktif'),('12133004','Natasha Putri Tumiwan','Belakang Koramil, Abepura','Perempuan','Jayapura','2006-12-12','Islam','082238204773','082238204772',NULL,NULL,NULL,NULL,'Aktif'),('12133005','Rahel Santono Rumengan','Belakang Koramil, Abepura','Laki-laki','Jayapura','2006-12-12','Islam','082238204773','082238204772',NULL,NULL,NULL,NULL,'Aktif'),('12133006','Seprianto Muhadi Mangontan','Belakang Koramil, Abepura','Laki-laki','Jayapura','2006-12-12','Islam','082238204773','082238204772',NULL,NULL,NULL,NULL,'Aktif'),('12133007','Ferry Stevanus Cahya Wijaya','Belakang Koramil, Abepura','Laki-laki','Jayapura','2006-12-12','Islam','082238204773','082238204772',NULL,NULL,NULL,NULL,'Aktif'),('12133008','Aras Dimara Rumbiak','Belakang Koramil, Abepura','Laki-laki','Jayapura','2006-12-12','Islam','082238204773','082238204772',NULL,NULL,NULL,NULL,'Aktif'),('12133009','Chatarina Tri Murti Mbaru','Belakang Koramil, Abepura','Perempuan','Jayapura','2006-12-12','Islam','082238204773','082238204772',NULL,NULL,NULL,NULL,'Aktif'),('12133010','Gabriel Berliano Sambouw','Gabriel Berliano Sambouw','Laki-laki','Jayapura','2006-12-12','Islam','082238204773','082238204772',NULL,NULL,NULL,NULL,'Aktif'),('12134001','Lidia Dian Griapon','Hotel 777, Abepura','Perempuan','Timika','2006-06-13','Islam','082238204778','082238204776',2,3,1,1,'Aktif'),('12134002','Ronaldo T. Amisim','Belakang Koramil, Abepura','Laki-laki','Jayapura','2006-12-12','Islam','082238204773','082238204776',2,3,2,1,'Aktif'),('12134003','Alince Giay','Belakang Koramil, Abepura','Perempuan','Jayapura','2006-12-12','Islam','082238204773','082238204776',2,3,3,2,'Aktif'),('12134004','Emmanuel Enesia F. Mambrasar','Belakang Koramil, Abepura','Perempuan','Jayapura','2006-12-12','Islam','082238204773','082238204776',3,2,3,2,'Aktif'),('12134005','Engel Berta Fransiska Imkowono','Belakang Koramil, Abepura','Laki-laki','Jayapura','2006-12-12','Islam','082238204773','082238204776',2,2,3,1,'Aktif'),('12134006','Papia Yosephina Dahay','Belakang Koramil, Abepura','Laki-laki','Jayapura','2006-12-12','Islam','082238204773','082238204776',2,3,3,1,'Aktif'),('12134007','Vicky.M.Weyato','Belakang Koramil, Abepura','Laki-laki','Jayapura','2006-12-12','Islam','082238204773','082238204776',1,3,3,1,'Aktif'),('12134008','Yosep Fernando Kopong','Belakang Koramil, Abepura','Laki-laki','Jayapura','2006-12-12','Islam','082238204773','082238204776',1,1,1,1,'Aktif'),('12134009','Barnabas Eligius Ohee','Belakang Koramil, Abepura','Perempuan','Jayapura','2006-12-12','Islam','082238204773','082238204776',2,1,1,1,'Aktif'),('12134010','Brigitha Faustina Pigay','Belakang Koramil, Abepura','Laki-laki','Jayapura','2006-12-12','Islam','082238204773','082238204776',2,3,1,1,'Aktif');
/*!40000 ALTER TABLE `siswa` ENABLE KEYS */;
UNLOCK TABLES;

--
-- Table structure for table `users`
--

DROP TABLE IF EXISTS `users`;
/*!40101 SET @saved_cs_client     = @@character_set_client */;
/*!50503 SET character_set_client = utf8mb4 */;
CREATE TABLE `users` (
  `id` int unsigned NOT NULL AUTO_INCREMENT,
  `email` varchar(255) NOT NULL,
  `username` varchar(30) DEFAULT NULL,
  `password_hash` varchar(255) NOT NULL,
  `reset_hash` varchar(255) DEFAULT NULL,
  `reset_at` datetime DEFAULT NULL,
  `reset_expires` datetime DEFAULT NULL,
  `activate_hash` varchar(255) DEFAULT NULL,
  `status` varchar(255) DEFAULT NULL,
  `status_message` varchar(255) DEFAULT NULL,
  `active` tinyint(1) NOT NULL DEFAULT '0',
  `force_pass_reset` tinyint(1) NOT NULL DEFAULT '0',
  `created_at` datetime DEFAULT NULL,
  `updated_at` datetime DEFAULT NULL,
  `deleted_at` datetime DEFAULT NULL,
  PRIMARY KEY (`id`),
  UNIQUE KEY `email` (`email`),
  UNIQUE KEY `username` (`username`)
) ENGINE=InnoDB AUTO_INCREMENT=611 DEFAULT CHARSET=utf8mb3;
/*!40101 SET character_set_client = @saved_cs_client */;

--
-- Dumping data for table `users`
--

LOCK TABLES `users` WRITE;
/*!40000 ALTER TABLE `users` DISABLE KEYS */;
INSERT INTO `users` VALUES (1,'admin@demo.com','admin','$2y$10$AIWI5Ko3jz56fWxI78s0eeuttY0hjVu5KLFO4v3ewoFRdt9KDm8Bq',NULL,NULL,NULL,NULL,NULL,NULL,1,0,'2023-07-02 02:26:38','2023-07-02 02:26:38',NULL),(2,'199208132006021001@demo.com','199208132006021001','$2y$10$G2BejzK83pkFX6KJS4oXvOFuCNfOyuxqviJKVFdOJdUJK074FEdsy',NULL,NULL,NULL,NULL,NULL,NULL,1,0,'2023-07-02 02:26:39','2023-07-02 02:26:39',NULL),(3,'12123001@demo.com','12123001','$2y$10$QhZAvYeK7H17XQ7ugoVtUuBU77ftoJxMn0YVbcgB9YPPrm6qtwWUa',NULL,NULL,NULL,NULL,NULL,NULL,1,0,'2023-07-02 02:26:39','2023-07-02 02:26:40',NULL),(4,'12123002@demo.com','12123002','$2y$10$GEupXWt0eJEkebO.BXW60.4EPRvop/5ukqYpwRskI3hkNHkM3P8fq',NULL,NULL,NULL,NULL,NULL,NULL,1,0,'2023-07-02 02:26:40','2023-07-02 02:26:41',NULL),(5,'12124000@demo.com','12124000','$2y$10$QFaf3FG2csL0TDM9EROm7..PvDppfPX0pjivtt9NdVzVErj4Ht9wm',NULL,NULL,NULL,NULL,NULL,NULL,1,0,'2023-07-02 02:26:45','2023-07-02 02:26:45',NULL),(6,'12124001@demo.com','12124001','$2y$10$raLX0HCBKkSqqd7Q6d56xeXlz2ABcrF32gCYJJf/T3Dx3XpwxdHFK',NULL,NULL,NULL,NULL,NULL,NULL,1,0,'2023-07-02 02:26:45','2023-07-02 02:26:45',NULL),(7,'12124002@demo.com','12124002','$2y$10$HNHf/BXCGpJy.P38CFEVN.d1/OwzHU42/.yjQCZGlbcP7DJxn/btW',NULL,NULL,NULL,NULL,NULL,NULL,1,0,'2023-07-02 02:26:45','2023-07-02 02:26:45',NULL),(8,'12124003@demo.com','12124003','$2y$10$chA3QzpTMD43IzZfK213qO7g9OY1rGWkOZ5.rV0HYPJEmDy/7hbLu',NULL,NULL,NULL,NULL,NULL,NULL,1,0,'2023-07-02 02:26:45','2023-07-02 02:26:45',NULL),(9,'12124004@demo.com','12124004','$2y$10$efW98Utyo6THSrVbp5OUDeqpJY8f3SZ34ioXKIEU5HvRkDNn1/bV2',NULL,NULL,NULL,NULL,NULL,NULL,1,0,'2023-07-02 02:26:45','2023-07-02 02:26:45',NULL),(10,'12124005@demo.com','12124005','$2y$10$CLthxFN7WxUI7kkRXCLE1ec1H34US8aRGF3oKaylMLERbWF9qinw6',NULL,NULL,NULL,NULL,NULL,NULL,1,0,'2023-07-02 02:26:45','2023-07-02 02:26:45',NULL),(11,'12124006@demo.com','12124006','$2y$10$NSZt3aYMMR0FMqK.yWABjuhqQKrDtU1I5M8xa70Gv5LC8Giy60a3K',NULL,NULL,NULL,NULL,NULL,NULL,1,0,'2023-07-02 02:26:45','2023-07-02 02:26:45',NULL),(12,'12124007@demo.com','12124007','$2y$10$1XjtE7QY4lMGR5zMedfTCODxnF/ri.rvLS6uZKOlUnGvXPcmGmhfG',NULL,NULL,NULL,NULL,NULL,NULL,1,0,'2023-07-02 02:26:45','2023-07-02 02:26:45',NULL),(13,'12124008@demo.com','12124008','$2y$10$zG/bmfS3FISB9fLGmuOic.6Fk4FqJFtz7086sZg18ueDki3Gns/o2',NULL,NULL,NULL,NULL,NULL,NULL,1,0,'2023-07-02 02:26:46','2023-07-02 02:26:46',NULL),(14,'12124009@demo.com','12124009','$2y$10$3EU531EfhxSRPKJPiuf8H.2tFyzbqsT7RhSa3urxumMQmXe6utHga',NULL,NULL,NULL,NULL,NULL,NULL,1,0,'2023-07-02 02:26:46','2023-07-02 02:26:46',NULL),(15,'12124010@demo.com','12124010','$2y$10$tcB8E4IPKy/TqgixOM1RMeJj/FU6FFBylAXAwwTxpfFJJahqevnye',NULL,NULL,NULL,NULL,NULL,NULL,1,0,'2023-07-02 02:26:46','2023-07-02 02:26:46',NULL),(16,'12124011@demo.com','12124011','$2y$10$VB/MNG/u5Sb4kev2.C3G..mqJLmBN.U5cK0bwaafV7pUjufxhBmbK',NULL,NULL,NULL,NULL,NULL,NULL,1,0,'2023-07-02 02:26:46','2023-07-02 02:26:46',NULL),(17,'12124012@demo.com','12124012','$2y$10$LrmLfSE6NlFlv.cPZALvu.tiDTqeF39EpxL0O9EGZUPoLUJwQOY5W',NULL,NULL,NULL,NULL,NULL,NULL,1,0,'2023-07-02 02:26:46','2023-07-02 02:26:46',NULL),(18,'12124013@demo.com','12124013','$2y$10$a9py8U7Ok7E7MA5whtYsGelvC8PfhEQpFdDA/dKb29R3hpDTzz02C',NULL,NULL,NULL,NULL,NULL,NULL,1,0,'2023-07-02 02:26:46','2023-07-02 02:26:46',NULL),(19,'12124014@demo.com','12124014','$2y$10$7dTxd7TrPkWEiJ/DoDnAi.uYp.sU7xq6NqL.yRwcEqlLJMk3qhHoK',NULL,NULL,NULL,NULL,NULL,NULL,1,0,'2023-07-02 02:26:46','2023-07-02 02:26:46',NULL),(20,'12124015@demo.com','12124015','$2y$10$b80muvknqnmwlwQx9FrTVuPQOBmL8LTqqFUTj/MErwBgbCNjlT3TO',NULL,NULL,NULL,NULL,NULL,NULL,1,0,'2023-07-02 02:26:46','2023-07-02 02:26:46',NULL),(21,'12124016@demo.com','12124016','$2y$10$wT3iZd2NVk1.DxizBA7H0OaZx1aPuNt4g39cXzlkGl8zL1F9FEbpS',NULL,NULL,NULL,NULL,NULL,NULL,1,0,'2023-07-02 02:26:46','2023-07-02 02:26:46',NULL),(22,'12124017@demo.com','12124017','$2y$10$NpqQVj/apXisBMIYKEoByOwXdwFV/QVF8wDDL9wc5qRedGUvJ94/.',NULL,NULL,NULL,NULL,NULL,NULL,1,0,'2023-07-02 02:26:47','2023-07-02 02:26:47',NULL),(23,'12124018@demo.com','12124018','$2y$10$ZE4dBia5O.JsrT1JeLtaHu35MHZDO4jhEA4Vlk/riRF0P7ZPoZ57K',NULL,NULL,NULL,NULL,NULL,NULL,1,0,'2023-07-02 02:26:47','2023-07-02 02:26:47',NULL),(24,'12124019@demo.com','12124019','$2y$10$7fGaKJYdO.rFVt6OaLvrw.ZIZgsP3bnCBfQ9iivp.cpT9OOvJuMgm',NULL,NULL,NULL,NULL,NULL,NULL,1,0,'2023-07-02 02:26:47','2023-07-02 02:26:47',NULL),(25,'12124020@demo.com','12124020','$2y$10$B2zQfHLbflSLkfyinYtFsuyHbijnKcoV7r4R1XunKqck30lU2BZsy',NULL,NULL,NULL,NULL,NULL,NULL,1,0,'2023-07-02 02:26:47','2023-07-02 02:26:47',NULL),(26,'12124021@demo.com','12124021','$2y$10$SuSbZyN/fBSglLTFdZq34OIxh0R.1qua8tsvlbBANRnSUFBzJhiTi',NULL,NULL,NULL,NULL,NULL,NULL,1,0,'2023-07-02 02:26:47','2023-07-02 02:26:47',NULL),(27,'12124022@demo.com','12124022','$2y$10$V61gC5st2AqPlaSFHLJvpu0yhLWIAB0EjUJqPGfJyE9P3tBb1lSMi',NULL,NULL,NULL,NULL,NULL,NULL,1,0,'2023-07-02 02:26:47','2023-07-02 02:26:47',NULL),(28,'12124023@demo.com','12124023','$2y$10$F2GdQ56YaOQ366VfL.DLeOZBgf9WNfQPPi3hofUapnmZalZyQ99Va',NULL,NULL,NULL,NULL,NULL,NULL,1,0,'2023-07-02 02:26:47','2023-07-02 02:26:47',NULL),(29,'12124024@demo.com','12124024','$2y$10$isZS269yYZseHhlfNtJfTufsk/7c8qusF9Ky742rMzI8lwF9sAmVK',NULL,NULL,NULL,NULL,NULL,NULL,1,0,'2023-07-02 02:26:47','2023-07-02 02:26:47',NULL),(30,'12124025@demo.com','12124025','$2y$10$6ywkMwGQ3q1ZGZd.v.K/bOg3Q0GYn08Os0jGG7c6H84NoXH7IaRKi',NULL,NULL,NULL,NULL,NULL,NULL,1,0,'2023-07-02 02:26:48','2023-07-02 02:26:48',NULL),(31,'12124026@demo.com','12124026','$2y$10$H6fdVwMuwHWQRIxNMNIcoudzFJeKAu852Kfl4pH8YVdtVivFuZqK2',NULL,NULL,NULL,NULL,NULL,NULL,1,0,'2023-07-02 02:26:48','2023-07-02 02:26:48',NULL),(32,'12124027@demo.com','12124027','$2y$10$xOahv71XqQwjYIuJO.AWKuFI.Nkic9sP/wmNM165auwUzMzcohoCa',NULL,NULL,NULL,NULL,NULL,NULL,1,0,'2023-07-02 02:26:48','2023-07-02 02:26:48',NULL),(33,'12124028@demo.com','12124028','$2y$10$zLhBAa5zLk15CG6d0AxBAOigUYC9O27eBwCubTugZEVNeMYbi9j6O',NULL,NULL,NULL,NULL,NULL,NULL,1,0,'2023-07-02 02:26:48','2023-07-02 02:26:48',NULL),(34,'12124029@demo.com','12124029','$2y$10$0ecKiteM63lw3q0OQ/B.POrIqPozVrolTRbGmO4jh/GaQd7/hzdhC',NULL,NULL,NULL,NULL,NULL,NULL,1,0,'2023-07-02 02:26:48','2023-07-02 02:26:48',NULL),(35,'12124030@demo.com','12124030','$2y$10$WMDUaVcVDvdxY9UKhNIVwuvHxoxXSNxYxAI2MtHeaJKEwtRqLZlGS',NULL,NULL,NULL,NULL,NULL,NULL,1,0,'2023-07-02 02:26:48','2023-07-02 02:26:48',NULL),(36,'12124031@demo.com','12124031','$2y$10$V/sZ0bQG9wQePrx6COfRUeXKhZaUww/Vq0utUDR3jc3D3xSff87Oq',NULL,NULL,NULL,NULL,NULL,NULL,1,0,'2023-07-02 02:26:48','2023-07-02 02:26:48',NULL),(37,'12124032@demo.com','12124032','$2y$10$OUL8mPJ9Ksn6UmQoO30ft.L5SHFiGUY7rgXmc4TOp3W2yMUbs2D2G',NULL,NULL,NULL,NULL,NULL,NULL,1,0,'2023-07-02 02:26:48','2023-07-02 02:26:48',NULL),(38,'12124033@demo.com','12124033','$2y$10$93rbJ0DEIr.w843fZ5B7MOtYZeksqsvNu4QRx6GRZoXwz/55ZL4pi',NULL,NULL,NULL,NULL,NULL,NULL,1,0,'2023-07-02 02:26:48','2023-07-02 02:26:48',NULL),(39,'12124034@demo.com','12124034','$2y$10$v0C2cSYpnkOYqyCRdfykV.cR0SwzNPri1ZG3v9AZ2ZdAQ6IQi0ium',NULL,NULL,NULL,NULL,NULL,NULL,1,0,'2023-07-02 02:26:49','2023-07-02 02:26:49',NULL),(40,'12124035@demo.com','12124035','$2y$10$UOMx5F4U3WEk..CiMS6POeBlZZ3z500hX7oXvGG6HiMl37Eu0.jq6',NULL,NULL,NULL,NULL,NULL,NULL,1,0,'2023-07-02 02:26:49','2023-07-02 02:26:49',NULL),(41,'12124036@demo.com','12124036','$2y$10$wop9Ogcc1s2rzmGHIrGpdO413hqT6fO.10XtJqqTZrWxGJguIlbcO',NULL,NULL,NULL,NULL,NULL,NULL,1,0,'2023-07-02 02:26:49','2023-07-02 02:26:49',NULL),(42,'12124037@demo.com','12124037','$2y$10$aKNpda/wXMJ.6LEPSoQSZO2KoeG5FW2TU5lPc5AB4YCeCN0ZVI0RS',NULL,NULL,NULL,NULL,NULL,NULL,1,0,'2023-07-02 02:26:49','2023-07-02 02:26:49',NULL),(43,'12124038@demo.com','12124038','$2y$10$/hSodlt/xONzEif9wfKdH.jjYlFtcnkEXrwcxI6KUFnY5HcY3Gfzm',NULL,NULL,NULL,NULL,NULL,NULL,1,0,'2023-07-02 02:26:49','2023-07-02 02:26:49',NULL),(44,'12124039@demo.com','12124039','$2y$10$NagscOu3YLm87kx8qh5V/.s5vfeRUoQMYFzSZx8JtN5xQw9y6RMPy',NULL,NULL,NULL,NULL,NULL,NULL,1,0,'2023-07-02 02:26:49','2023-07-02 02:26:49',NULL),(45,'12124040@demo.com','12124040','$2y$10$yneWiG0Q8e3QMCCbsHnWIOi.uQGHtD0Tk.1wdzaY3fg//a8glidje',NULL,NULL,NULL,NULL,NULL,NULL,1,0,'2023-07-02 02:26:49','2023-07-02 02:26:49',NULL),(46,'12124041@demo.com','12124041','$2y$10$NqMCrzGtZSCyQHtFKTW/EOkMM3t7O4kUiqneON5RwAdltIr9GTDfS',NULL,NULL,NULL,NULL,NULL,NULL,1,0,'2023-07-02 02:26:49','2023-07-02 02:26:49',NULL),(47,'12124042@demo.com','12124042','$2y$10$NM3863K2MewzuMcXLfSlyeoMZfePw/IyHIQhffqN95p0CzvswNJ.K',NULL,NULL,NULL,NULL,NULL,NULL,1,0,'2023-07-02 02:26:50','2023-07-02 02:26:50',NULL),(48,'12124043@demo.com','12124043','$2y$10$o/lcV12oaPnfJUHOfMLXcuHFiSj5CRF1v5u//zQPNKPXYsW5itu4y',NULL,NULL,NULL,NULL,NULL,NULL,1,0,'2023-07-02 02:26:50','2023-07-02 02:26:50',NULL),(49,'12124044@demo.com','12124044','$2y$10$fCd8v9i7BK6E2pUysxLq5.eEXEGyf2b.IqUFQCaVkx2o/BrSPmTsK',NULL,NULL,NULL,NULL,NULL,NULL,1,0,'2023-07-02 02:26:50','2023-07-02 02:26:50',NULL),(50,'12124045@demo.com','12124045','$2y$10$YARaiMj.TTX7O9/R0IFlnOJ18/2ffCsf0jEKC9EY2ctg2rcSb44uK',NULL,NULL,NULL,NULL,NULL,NULL,1,0,'2023-07-02 02:26:50','2023-07-02 02:26:50',NULL),(51,'12124046@demo.com','12124046','$2y$10$ithsPCGyqv7rz5kBM6y8OuAOo5m4D74abAaxU9oUqWInk3pmOTGuG',NULL,NULL,NULL,NULL,NULL,NULL,1,0,'2023-07-02 02:26:50','2023-07-02 02:26:50',NULL),(52,'12124047@demo.com','12124047','$2y$10$IhJQOzhTbR4Sjzg6nYwfKOQD0vpelN/xRKJKrx0npUveLIiHrMILC',NULL,NULL,NULL,NULL,NULL,NULL,1,0,'2023-07-02 02:26:50','2023-07-02 02:26:50',NULL),(53,'12124048@demo.com','12124048','$2y$10$xntb7kbm80S.po6.Z7IvIu9jmcwti9iN.KpMfl6VVKwuUm3SXKFaC',NULL,NULL,NULL,NULL,NULL,NULL,1,0,'2023-07-02 02:26:50','2023-07-02 02:26:50',NULL),(54,'12124049@demo.com','12124049','$2y$10$b9EsmZcgx7sY1iFnZW8FvuORvtFXwm9P8KH.qsGoCKMwXU6SvJJ4W',NULL,NULL,NULL,NULL,NULL,NULL,1,0,'2023-07-02 02:26:50','2023-07-02 02:26:50',NULL),(55,'12124050@demo.com','12124050','$2y$10$LwSjiZrWKeDxnLXD0vGmd.ajLIhmowLgS7JGBcCpzoGQNAXdpSLh.',NULL,NULL,NULL,NULL,NULL,NULL,1,0,'2023-07-02 02:26:50','2023-07-02 02:26:50',NULL),(56,'12124051@demo.com','12124051','$2y$10$5L/s3/7NWT8RW8C3bvQZKupHwpCU1dPnBuroyvxbWUJYk94DDtY.y',NULL,NULL,NULL,NULL,NULL,NULL,1,0,'2023-07-02 02:26:51','2023-07-02 02:26:51',NULL),(57,'12124052@demo.com','12124052','$2y$10$odnHN3jdNu7sSldJLiVQ8OJ/OYXQ9.lIdaWEOX3ygEKGJUhnFZZ4e',NULL,NULL,NULL,NULL,NULL,NULL,1,0,'2023-07-02 02:26:51','2023-07-02 02:26:51',NULL),(58,'12124053@demo.com','12124053','$2y$10$nVvljsXNnBAJbv86kscSB.HkopBmnBej.0XDJnZhb3STkPW1vF9lG',NULL,NULL,NULL,NULL,NULL,NULL,1,0,'2023-07-02 02:26:51','2023-07-02 02:26:51',NULL),(59,'12124054@demo.com','12124054','$2y$10$MrI51YI3zEj8P4WnM9LQrOUV5p/NMqQ3OwswpkPc8TyyjgRsaOXBO',NULL,NULL,NULL,NULL,NULL,NULL,1,0,'2023-07-02 02:26:51','2023-07-02 02:26:51',NULL),(60,'12124055@demo.com','12124055','$2y$10$bwyvNC38iE.tXKV6loRJv.QTFvw0ML8UEeeiYKYf9TAZdSdIH.CVO',NULL,NULL,NULL,NULL,NULL,NULL,1,0,'2023-07-02 02:26:51','2023-07-02 02:26:51',NULL),(61,'12124056@demo.com','12124056','$2y$10$oimW396uQFRi4kwJoVH9SumDR1MyCMG0QJrEU64rXacojhpGpiZHC',NULL,NULL,NULL,NULL,NULL,NULL,1,0,'2023-07-02 02:26:51','2023-07-02 02:26:51',NULL),(62,'12124057@demo.com','12124057','$2y$10$zxo61l3e3rAMcrZcQrYDo.r31iFSVfRBypZAoU7r5o1hVnd5viiDS',NULL,NULL,NULL,NULL,NULL,NULL,1,0,'2023-07-02 02:26:51','2023-07-02 02:26:51',NULL),(63,'12124058@demo.com','12124058','$2y$10$mt577zw/K0tr1vGnlLoBE.INDURk6ByQIx6YqAzWcs8Sk7GaYaczm',NULL,NULL,NULL,NULL,NULL,NULL,1,0,'2023-07-02 02:26:51','2023-07-02 02:26:51',NULL),(64,'12124059@demo.com','12124059','$2y$10$Hb0asabi06qdHr/4Ew/AOuV5KUAjnEm.CXiCQk3FeQtSozhW.gk4m',NULL,NULL,NULL,NULL,NULL,NULL,1,0,'2023-07-02 02:26:52','2023-07-02 02:26:52',NULL),(65,'12124060@demo.com','12124060','$2y$10$ZMo4fmmU4r3PHYrjHySF/.8kuMYHeY7R.xkVDEv60.z6zUTA7CSbO',NULL,NULL,NULL,NULL,NULL,NULL,1,0,'2023-07-02 02:26:52','2023-07-02 02:26:52',NULL),(66,'12124061@demo.com','12124061','$2y$10$4FHylhMymo.CuTqMs9lZv.tyh8y3InXWfyebNyR8FMQdLEJ/aQtmG',NULL,NULL,NULL,NULL,NULL,NULL,1,0,'2023-07-02 02:26:52','2023-07-02 02:26:52',NULL),(67,'12124062@demo.com','12124062','$2y$10$S7prZcXCOgAZjBrakz3cJu3pXXpnXskD64rqApLeZ0lIYXJgHN1wK',NULL,NULL,NULL,NULL,NULL,NULL,1,0,'2023-07-02 02:26:52','2023-07-02 02:26:52',NULL),(68,'12124063@demo.com','12124063','$2y$10$h/sQzb4eQ./2vIxGoB4vXu3WbkRIFN05XzRLixFDukP9z3yFsHHi.',NULL,NULL,NULL,NULL,NULL,NULL,1,0,'2023-07-02 02:26:52','2023-07-02 02:26:52',NULL),(69,'12124064@demo.com','12124064','$2y$10$7TyKdLNYt/eRw.tD6vZTLO7LDX0mg3qcd8dK8VfD.YYx6RZV/E.AS',NULL,NULL,NULL,NULL,NULL,NULL,1,0,'2023-07-02 02:26:52','2023-07-02 02:26:52',NULL),(70,'12124065@demo.com','12124065','$2y$10$H.FTi0WQqyhC14wMhs2ihu4.rzl8qMOBO0EG2dyOfxF2a0uIjd.GK',NULL,NULL,NULL,NULL,NULL,NULL,1,0,'2023-07-02 02:26:52','2023-07-02 02:26:52',NULL),(71,'12124066@demo.com','12124066','$2y$10$kv9IXeqE6ZUecekmUyu9buS4XtMFnn4wg0xKKE1dbomVnpCzVjpvK',NULL,NULL,NULL,NULL,NULL,NULL,1,0,'2023-07-02 02:26:52','2023-07-02 02:26:52',NULL),(72,'12124067@demo.com','12124067','$2y$10$UYYISvYpVSbxdd4cZSVIBeHns8jXA7aFyQyXDtCcdnqCGl5QGJx82',NULL,NULL,NULL,NULL,NULL,NULL,1,0,'2023-07-02 02:26:52','2023-07-02 02:26:52',NULL),(73,'12124068@demo.com','12124068','$2y$10$n7MQuRUFhu9Orz5l60TlZuOQ2V9bF.NTb1q0Yg9MiHe8.ZVr.9RXC',NULL,NULL,NULL,NULL,NULL,NULL,1,0,'2023-07-02 02:26:53','2023-07-02 02:26:53',NULL),(74,'12124069@demo.com','12124069','$2y$10$AkHFp.Rs1jdpNkcm3qoMhOBQEQ1NqIy.BiPIsKlsNMLa0O5UHRBDa',NULL,NULL,NULL,NULL,NULL,NULL,1,0,'2023-07-02 02:26:53','2023-07-02 02:26:53',NULL),(75,'12124070@demo.com','12124070','$2y$10$ewB2rPEGS0vCHkBZWlBoIeyXqPl/8ThqzhKZ20pRJp1dsWrBsCNYO',NULL,NULL,NULL,NULL,NULL,NULL,1,0,'2023-07-02 02:26:53','2023-07-02 02:26:53',NULL),(76,'12124071@demo.com','12124071','$2y$10$xPOYJPJSIFmrgGf.fqKprOvnICEZyZld/WcOtdn1NOdtWDZ3vtz52',NULL,NULL,NULL,NULL,NULL,NULL,1,0,'2023-07-02 02:26:53','2023-07-02 02:26:53',NULL),(77,'12124072@demo.com','12124072','$2y$10$sbrehdC2lG/hyQoC5dckPuy2MgMOwG/BqEbpHXRl9vNjN/OUq2taG',NULL,NULL,NULL,NULL,NULL,NULL,1,0,'2023-07-02 02:26:53','2023-07-02 02:26:53',NULL),(78,'12124073@demo.com','12124073','$2y$10$o0oje4drlyzGKLCBbB7xKOZIFJqG0M/xCN6DFNMFfwOvmpZsDhpOC',NULL,NULL,NULL,NULL,NULL,NULL,1,0,'2023-07-02 02:26:53','2023-07-02 02:26:53',NULL),(79,'12124074@demo.com','12124074','$2y$10$yQmCbCFfHm031/j2.t5ua.4JjiYKM/lUKDHA0eIA2p.KU66SHebUW',NULL,NULL,NULL,NULL,NULL,NULL,1,0,'2023-07-02 02:26:53','2023-07-02 02:26:53',NULL),(80,'12124075@demo.com','12124075','$2y$10$.hh8iwvHzWO8qTPgxi0PEuhRgiStrkC9nwuYeDV15Lwhk0cPSP3nW',NULL,NULL,NULL,NULL,NULL,NULL,1,0,'2023-07-02 02:26:53','2023-07-02 02:26:53',NULL),(81,'12124076@demo.com','12124076','$2y$10$gPy0w4xxQIhXBnZTdajJ5OdTwQJn9ADv01cvAzGqYC.sZON059dzG',NULL,NULL,NULL,NULL,NULL,NULL,1,0,'2023-07-02 02:26:54','2023-07-02 02:26:54',NULL),(82,'12124077@demo.com','12124077','$2y$10$eVB3QlM7MdhGz4CLcXEo0ORAhk6QjImDhkyh4qpllWvxG/C3kTQaC',NULL,NULL,NULL,NULL,NULL,NULL,1,0,'2023-07-02 02:26:54','2023-07-02 02:26:54',NULL),(83,'12124078@demo.com','12124078','$2y$10$6OezbT58KUqig2pi64j18eT8.WBOd/u8eKb9ViXJ.DAnqURQmUCXq',NULL,NULL,NULL,NULL,NULL,NULL,1,0,'2023-07-02 02:26:54','2023-07-02 02:26:54',NULL),(84,'12124079@demo.com','12124079','$2y$10$/DO.MSfhs.2XrJdxQ1u5..3n2pY/BFqCWQU/29KEBwMJXfhhzv4JK',NULL,NULL,NULL,NULL,NULL,NULL,1,0,'2023-07-02 02:26:54','2023-07-02 02:26:54',NULL),(85,'12124080@demo.com','12124080','$2y$10$s2hxFGp4QlBJ555XyQxouO6cZK7JwO9FAU4o6fVRGopik/WMwdYVC',NULL,NULL,NULL,NULL,NULL,NULL,1,0,'2023-07-02 02:26:54','2023-07-02 02:26:54',NULL),(86,'12124081@demo.com','12124081','$2y$10$WHHn8Mh3fZKVAOhrQhkWAeGkU3ZTMZFtgZXIDFdbPlBQytXZbHs9C',NULL,NULL,NULL,NULL,NULL,NULL,1,0,'2023-07-02 02:26:54','2023-07-02 02:26:54',NULL),(87,'12124082@demo.com','12124082','$2y$10$0IukXBNU/EozSevPi0qgzOTcc2J5M.WibkXS8NjCPs13P9es6oBtO',NULL,NULL,NULL,NULL,NULL,NULL,1,0,'2023-07-02 02:26:54','2023-07-02 02:26:54',NULL),(88,'12124083@demo.com','12124083','$2y$10$96TqrRnEurGGpbSn8KhEuODOPl3mJYIUvc5kfv9ZuRGJccujgks0.',NULL,NULL,NULL,NULL,NULL,NULL,1,0,'2023-07-02 02:26:54','2023-07-02 02:26:54',NULL),(89,'12124084@demo.com','12124084','$2y$10$Asa18OPwuxvZUuN.okfgrOy/RW38UXxO1HuYDF4LGFuzP2GUUiJSu',NULL,NULL,NULL,NULL,NULL,NULL,1,0,'2023-07-02 02:26:54','2023-07-02 02:26:54',NULL),(90,'12124085@demo.com','12124085','$2y$10$4YgixixlIyUSilWZE8e/rOXTyrzt45ij8w2KpWvh2V8xdK6SMjuj6',NULL,NULL,NULL,NULL,NULL,NULL,1,0,'2023-07-02 02:26:55','2023-07-02 02:26:55',NULL),(91,'12124086@demo.com','12124086','$2y$10$V8FSXpdtMS7QPu.zSA9gWeYciif3LOmE/yCEEUM0f.ecBWAepol1y',NULL,NULL,NULL,NULL,NULL,NULL,1,0,'2023-07-02 02:26:55','2023-07-02 02:26:55',NULL),(92,'12124087@demo.com','12124087','$2y$10$oioA0PA9ii4FL9N9rf5/XeRvwi4nbKRhb1PMFwGhY7P66Sp0/n0/m',NULL,NULL,NULL,NULL,NULL,NULL,1,0,'2023-07-02 02:26:55','2023-07-02 02:26:55',NULL),(93,'12124088@demo.com','12124088','$2y$10$Hau3cY2dj8iO/xvB2nvDbuDk53wHpGv9I4IaOuNtzYG2EJvHMbpCu',NULL,NULL,NULL,NULL,NULL,NULL,1,0,'2023-07-02 02:26:55','2023-07-02 02:26:55',NULL),(94,'12124089@demo.com','12124089','$2y$10$26xhlxIiiWiAz64vczl1QeyQI0r2FSSdU0CirmyQTCBl9iXU8j8qq',NULL,NULL,NULL,NULL,NULL,NULL,1,0,'2023-07-02 02:26:55','2023-07-02 02:26:55',NULL),(95,'12124090@demo.com','12124090','$2y$10$qXFO5TJZf3HiO1TY2Xp2wuYPR3cdVU26iqqdnPNl//jRKvvpsp1QK',NULL,NULL,NULL,NULL,NULL,NULL,1,0,'2023-07-02 02:26:55','2023-07-02 02:26:55',NULL),(96,'12124091@demo.com','12124091','$2y$10$db1xzpJCy9tX3T4j2iBP9OZqDjeacLgAOxBwg7ZXmSANUD7OoNWGy',NULL,NULL,NULL,NULL,NULL,NULL,1,0,'2023-07-02 02:26:55','2023-07-02 02:26:55',NULL),(97,'12124092@demo.com','12124092','$2y$10$JE0IpA4CZNPRm9ND/505MeAzo5qVPmXeHnvi4I2uh968qspFRo.42',NULL,NULL,NULL,NULL,NULL,NULL,1,0,'2023-07-02 02:26:55','2023-07-02 02:26:55',NULL),(98,'12124093@demo.com','12124093','$2y$10$yhrmLdndXyFjsQ2In.9q.uNkWlMtoSLSXtwxC260brNyfrH6BVaOy',NULL,NULL,NULL,NULL,NULL,NULL,1,0,'2023-07-02 02:26:56','2023-07-02 02:26:56',NULL),(99,'12124094@demo.com','12124094','$2y$10$LWLhwFHYXTuBlr7xM2f0eeXpEqgjOCXLLL82q.ZVU/rIZZq9gSaAe',NULL,NULL,NULL,NULL,NULL,NULL,1,0,'2023-07-02 02:26:56','2023-07-02 02:26:56',NULL),(100,'12124095@demo.com','12124095','$2y$10$iMnoXIdPia6dYezYPO.29edPUm.sJjwELqSvWGknyELRITI69aQ02',NULL,NULL,NULL,NULL,NULL,NULL,1,0,'2023-07-02 02:26:56','2023-07-02 02:26:56',NULL),(101,'12124096@demo.com','12124096','$2y$10$dQDkVnl1S..89X/8P1ij1.ZCWTpZ595A8Se4j1ZDLOI5PAlxjxonG',NULL,NULL,NULL,NULL,NULL,NULL,1,0,'2023-07-02 02:26:56','2023-07-02 02:26:56',NULL),(102,'12124097@demo.com','12124097','$2y$10$TcFE661I82I.kKi3rN4KfuYfzOlMaRPP3QgbGsIQLM5Fjtk6kBNr2',NULL,NULL,NULL,NULL,NULL,NULL,1,0,'2023-07-02 02:26:56','2023-07-02 02:26:56',NULL),(103,'12124098@demo.com','12124098','$2y$10$lMraXjbEOk3mkNN2CDFTyOYkU./Z3acP3.HoePShu42nDTMQA4vuK',NULL,NULL,NULL,NULL,NULL,NULL,1,0,'2023-07-02 02:26:56','2023-07-02 02:26:56',NULL),(104,'12124099@demo.com','12124099','$2y$10$7FW0vTm24E2zESW7uD8n6Of7Q3JPXOfSA.yfKsBPxm0i2hzzNU8du',NULL,NULL,NULL,NULL,NULL,NULL,1,0,'2023-07-02 02:26:56','2023-07-02 02:26:56',NULL),(105,'12124100@demo.com','12124100','$2y$10$tI2EwgJI4Bfg40LnpJ3q1eNw5gPZDH5dDKuiVJPT27LEiJbjHJNn2',NULL,NULL,NULL,NULL,NULL,NULL,1,0,'2023-07-02 02:26:56','2023-07-02 02:26:56',NULL),(106,'12124101@demo.com','12124101','$2y$10$N8mbrR.Z2oOfoKkOCS97TOnR2k9Ih.R1zsSHZ2GyXEqWrkp7zsjQS',NULL,NULL,NULL,NULL,NULL,NULL,1,0,'2023-07-02 02:26:56','2023-07-02 02:26:56',NULL),(107,'12124102@demo.com','12124102','$2y$10$KMhwl68dOLmN8SvXSRjOEeKavx6FL/71a81iGdItUDpiGIU7c5Dxy',NULL,NULL,NULL,NULL,NULL,NULL,1,0,'2023-07-02 02:26:57','2023-07-02 02:26:57',NULL),(108,'12124103@demo.com','12124103','$2y$10$XfWYdQHqS0QU/p5LXeZ3CuGJshD0drvu4cAzk6Lx.UljC7B1nFjQC',NULL,NULL,NULL,NULL,NULL,NULL,1,0,'2023-07-02 02:26:57','2023-07-02 02:26:57',NULL),(109,'12124104@demo.com','12124104','$2y$10$vHQjKcbKftlC0aPgSzO7LuiqN4dOxU6k29gbc4L92u6f9ey15bkhm',NULL,NULL,NULL,NULL,NULL,NULL,1,0,'2023-07-02 02:26:57','2023-07-02 02:26:57',NULL),(110,'12124105@demo.com','12124105','$2y$10$l8st7gasdYJUKRcuD9ZIg.Ae33PeTWEjVEBykFEDRuCUO383JYSxS',NULL,NULL,NULL,NULL,NULL,NULL,1,0,'2023-07-02 02:26:57','2023-07-02 02:26:57',NULL),(111,'12124106@demo.com','12124106','$2y$10$S7SGJn6rLk.ON5DhmhTTtO8or9uCcHAAUWnN0Ud1EqDtc1b9yUlsq',NULL,NULL,NULL,NULL,NULL,NULL,1,0,'2023-07-02 02:26:57','2023-07-02 02:26:57',NULL),(112,'12124107@demo.com','12124107','$2y$10$CTajWpg6NlBzAjzRRoawE.VSocdFlFDt.Zkd9Ns0p/FVfg29lRVOK',NULL,NULL,NULL,NULL,NULL,NULL,1,0,'2023-07-02 02:26:57','2023-07-02 02:26:57',NULL),(113,'12124108@demo.com','12124108','$2y$10$SMmn03znU4zzHziFwfmYkuFRt7wGhJL33aJeoO3tK1yD.u7pHThv.',NULL,NULL,NULL,NULL,NULL,NULL,1,0,'2023-07-02 02:26:57','2023-07-02 02:26:57',NULL),(114,'12124109@demo.com','12124109','$2y$10$5eTTdIwvG.lp/UHmedkxOeyc3WzFPqBQOMgfPoqLk1lQv9mYGINsq',NULL,NULL,NULL,NULL,NULL,NULL,1,0,'2023-07-02 02:26:57','2023-07-02 02:26:57',NULL),(115,'12124110@demo.com','12124110','$2y$10$DhjpaoFo/p/pFcqkR/ioM.exuTj/7AqIlyT.fZIRAkXZzgB0YSh46',NULL,NULL,NULL,NULL,NULL,NULL,1,0,'2023-07-02 02:26:58','2023-07-02 02:26:58',NULL),(116,'12124111@demo.com','12124111','$2y$10$f8qVNKlFusqxEatcK4Iv5OUpGooPoUpl9VPM1Oo2sr9ytPf4C/mQi',NULL,NULL,NULL,NULL,NULL,NULL,1,0,'2023-07-02 02:26:58','2023-07-02 02:26:58',NULL),(117,'12124112@demo.com','12124112','$2y$10$QCyaaflEJeOalHeXV/s8zeAJKrbg3eEi.nKjUn2XKInUDbsRa0nEi',NULL,NULL,NULL,NULL,NULL,NULL,1,0,'2023-07-02 02:26:58','2023-07-02 02:26:58',NULL),(118,'12124113@demo.com','12124113','$2y$10$6SN07Z55eSzJZa7uZxBDU.q32RgqoEYvcFGKBdbC2089MAV7wH4NS',NULL,NULL,NULL,NULL,NULL,NULL,1,0,'2023-07-02 02:26:58','2023-07-02 02:26:58',NULL),(119,'12124114@demo.com','12124114','$2y$10$lkj/m0bzz25ZzbhFyM0ybej17pbhPWscsYItOXQSzjwhYyAsOddi.',NULL,NULL,NULL,NULL,NULL,NULL,1,0,'2023-07-02 02:26:58','2023-07-02 02:26:58',NULL),(120,'12124115@demo.com','12124115','$2y$10$6G.xO/8bArarS2S.UFH46eB.Of8h3y7WyccJYDKF9gwP9DMnLzZpO',NULL,NULL,NULL,NULL,NULL,NULL,1,0,'2023-07-02 02:26:58','2023-07-02 02:26:58',NULL),(121,'12124116@demo.com','12124116','$2y$10$JP793rZTV5.c8cg0VwcyuOU2ev36M.3qnCfen7CITQlVNF3A2Utdi',NULL,NULL,NULL,NULL,NULL,NULL,1,0,'2023-07-02 02:26:58','2023-07-02 02:26:58',NULL),(122,'12124117@demo.com','12124117','$2y$10$5ItlYYRn.TPnUQBs77B0NOsPPILhOTB7fn9Wh1Ii4R3Ica3l/gkQy',NULL,NULL,NULL,NULL,NULL,NULL,1,0,'2023-07-02 02:26:58','2023-07-02 02:26:58',NULL),(123,'12124118@demo.com','12124118','$2y$10$AHPvxP7i8gjEKIjezZjkrOrgBYAF/ekeIPqozF.OF7MgY.PgptZSy',NULL,NULL,NULL,NULL,NULL,NULL,1,0,'2023-07-02 02:26:58','2023-07-02 02:26:58',NULL),(124,'12124119@demo.com','12124119','$2y$10$jmwHGuDUsKY7ehU5NPNX7OKO3z8i6izcu3cd8j7q78.LgDblUwf7S',NULL,NULL,NULL,NULL,NULL,NULL,1,0,'2023-07-02 02:26:59','2023-07-02 02:26:59',NULL),(125,'12124120@demo.com','12124120','$2y$10$6RYUE.exurwEaaUOwHmnAuYMU40PLqOsM2G2ouUlXPCz8AXkJQvRu',NULL,NULL,NULL,NULL,NULL,NULL,1,0,'2023-07-02 02:26:59','2023-07-02 02:26:59',NULL),(126,'12124121@demo.com','12124121','$2y$10$tesP00XtIrWQUvkipXnN/ecF4XZfCT0v5Y2X8dPfvSW4a1tecJu4y',NULL,NULL,NULL,NULL,NULL,NULL,1,0,'2023-07-02 02:26:59','2023-07-02 02:26:59',NULL),(127,'12124122@demo.com','12124122','$2y$10$HLXz/kffm78v1euZW36CX.d9L5wyk5PqGwwi4XsgVaKoGjFgCj0L6',NULL,NULL,NULL,NULL,NULL,NULL,1,0,'2023-07-02 02:26:59','2023-07-02 02:26:59',NULL),(128,'12124123@demo.com','12124123','$2y$10$409XFqtlav2unFV/tWDPrOjXWsRXpeLq6CucnOZa5.BAo9qzI1GW6',NULL,NULL,NULL,NULL,NULL,NULL,1,0,'2023-07-02 02:26:59','2023-07-02 02:26:59',NULL),(129,'12124124@demo.com','12124124','$2y$10$p833hmhS1sHYgkFjFnD/ROi.z4eFSTsRaB/Q.hVi/0HDIkV9Eylmu',NULL,NULL,NULL,NULL,NULL,NULL,1,0,'2023-07-02 02:26:59','2023-07-02 02:26:59',NULL),(130,'12124125@demo.com','12124125','$2y$10$k5RJHMOyBcWaj0wamLR5UOrRQqhvvluVd2I2X8Bh03KFAfSQk8Pd.',NULL,NULL,NULL,NULL,NULL,NULL,1,0,'2023-07-02 02:26:59','2023-07-02 02:26:59',NULL),(131,'12124126@demo.com','12124126','$2y$10$3c7K7NDGYdE0s8i0sh14uewHGx61S4tk8QwWyYshS4TA1IN7.ti.a',NULL,NULL,NULL,NULL,NULL,NULL,1,0,'2023-07-02 02:26:59','2023-07-02 02:26:59',NULL),(132,'12124127@demo.com','12124127','$2y$10$oplnUnoaLvg0.Pq6B3MVbeDgND8u71jOpTqKNkszil0SZKDDu8wsm',NULL,NULL,NULL,NULL,NULL,NULL,1,0,'2023-07-02 02:26:59','2023-07-02 02:26:59',NULL),(133,'12124128@demo.com','12124128','$2y$10$e30yo2CpDUX1n0RgHtj2auzMzNYqiCoNS90zHDWm50S9/Bug2TdEe',NULL,NULL,NULL,NULL,NULL,NULL,1,0,'2023-07-02 02:27:00','2023-07-02 02:27:00',NULL),(134,'12124129@demo.com','12124129','$2y$10$LEuQnfoDz5zw5Vog/FGC4uZDHUpKvWsTjjmHQM3XFLqs5L1nY6C8W',NULL,NULL,NULL,NULL,NULL,NULL,1,0,'2023-07-02 02:27:00','2023-07-02 02:27:00',NULL),(135,'12124130@demo.com','12124130','$2y$10$eFtCB4QMaBGhLFfq6Yz3oeHaPIeoB15sXn3HH14HkktC6UVs/y1fq',NULL,NULL,NULL,NULL,NULL,NULL,1,0,'2023-07-02 02:27:00','2023-07-02 02:27:00',NULL),(136,'12124131@demo.com','12124131','$2y$10$FOQKb9GYY7GUQJKt8li5FOKNkhO36pY.Oc0qnfACcFo/8E6ghfpcG',NULL,NULL,NULL,NULL,NULL,NULL,1,0,'2023-07-02 02:27:00','2023-07-02 02:27:00',NULL),(137,'12124132@demo.com','12124132','$2y$10$df7NlN/qG48XMJDpuE6AAe0ekM14pH8TUYUlceXTVBflxOblnxM8a',NULL,NULL,NULL,NULL,NULL,NULL,1,0,'2023-07-02 02:27:00','2023-07-02 02:27:00',NULL),(138,'12124133@demo.com','12124133','$2y$10$01RwfmUNqBeOhzwNxtvOG.cgwqWI0cyjqxYkIpu2q2u6VgybJbAuK',NULL,NULL,NULL,NULL,NULL,NULL,1,0,'2023-07-02 02:27:00','2023-07-02 02:27:00',NULL),(139,'12124134@demo.com','12124134','$2y$10$Iqu0ueri8U/D1RlSiAcLHOuOMGMP.NwTyZPbCPaGvIouDujEDFoIe',NULL,NULL,NULL,NULL,NULL,NULL,1,0,'2023-07-02 02:27:00','2023-07-02 02:27:00',NULL),(140,'12124135@demo.com','12124135','$2y$10$Xo2q2h0.6K2xnhmgjEHwOefbm.r7M1g0ltqP5dFeROdZj93.TVclm',NULL,NULL,NULL,NULL,NULL,NULL,1,0,'2023-07-02 02:27:00','2023-07-02 02:27:00',NULL),(141,'12124136@demo.com','12124136','$2y$10$jhRasQsOs6DjkpnT4ynRieTVZIblPoo3MowtDI6Bmcw/WhhDqH0Wy',NULL,NULL,NULL,NULL,NULL,NULL,1,0,'2023-07-02 02:27:01','2023-07-02 02:27:01',NULL),(142,'12124137@demo.com','12124137','$2y$10$yETFuQGS8CChdhAgr6qZ0eXiyqNJcv4UFTwikeguI.n2MN3VqL0C.',NULL,NULL,NULL,NULL,NULL,NULL,1,0,'2023-07-02 02:27:01','2023-07-02 02:27:01',NULL),(143,'12124138@demo.com','12124138','$2y$10$tW54VDMt4xx5LIFLSUSIo.dQoF6HJjqWflMdFVuwvsLA5CzfdV63.',NULL,NULL,NULL,NULL,NULL,NULL,1,0,'2023-07-02 02:27:01','2023-07-02 02:27:01',NULL),(144,'12124139@demo.com','12124139','$2y$10$m2xF2TBCAx6YLXJlnqlF9OOOLoV0VUXVzZn3UajZD1sU07xaNiYC6',NULL,NULL,NULL,NULL,NULL,NULL,1,0,'2023-07-02 02:27:01','2023-07-02 02:27:01',NULL),(145,'12124140@demo.com','12124140','$2y$10$sVtp/VsQcnBDFX219VGRi.nrnUMLEn/B7qHP4Tqxtq11ckTpZ3VnO',NULL,NULL,NULL,NULL,NULL,NULL,1,0,'2023-07-02 02:27:01','2023-07-02 02:27:01',NULL),(146,'12124141@demo.com','12124141','$2y$10$nvDtz0nrUtSl5l6NEQxk6.8kmQaV3Ye9D4863O3Sx13vb6hvy0vYS',NULL,NULL,NULL,NULL,NULL,NULL,1,0,'2023-07-02 02:27:01','2023-07-02 02:27:01',NULL),(147,'12124142@demo.com','12124142','$2y$10$7byUlDz6SaVpsHlVBkXEB.zaJUggoVSZf4LYDvo9TXSVKEYr6uqeW',NULL,NULL,NULL,NULL,NULL,NULL,1,0,'2023-07-02 02:27:01','2023-07-02 02:27:01',NULL),(148,'12124143@demo.com','12124143','$2y$10$xxkpZ5Rrp7B2B5Pomd.5WOMtVSl0MCrF1vckNhYQBtiC9ii5jujIO',NULL,NULL,NULL,NULL,NULL,NULL,1,0,'2023-07-02 02:27:02','2023-07-02 02:27:02',NULL),(149,'12124144@demo.com','12124144','$2y$10$fvm2K3PY6IDraqHnA.aqe.izklf7A4TjgpFdI0lh9WTg6l73je0pm',NULL,NULL,NULL,NULL,NULL,NULL,1,0,'2023-07-02 02:27:02','2023-07-02 02:27:02',NULL),(150,'12124145@demo.com','12124145','$2y$10$Vq2vJDkt2.eojdFdOr/hM.wld2UwHJf9HOx1Sqzi6Whaj2VJaHAV2',NULL,NULL,NULL,NULL,NULL,NULL,1,0,'2023-07-02 02:27:02','2023-07-02 02:27:02',NULL),(151,'12124146@demo.com','12124146','$2y$10$9Rpfd6KEjy9Z2c3FqGc7j.e5fzYEpew0rUrEz5MwsDh9K8kSmAwoK',NULL,NULL,NULL,NULL,NULL,NULL,1,0,'2023-07-02 02:27:02','2023-07-02 02:27:02',NULL),(152,'12124147@demo.com','12124147','$2y$10$jl/ywFHoXyprJuPTB/xE9uC9kLvZe9/NtktMIZWTb4K1B7ACbRSai',NULL,NULL,NULL,NULL,NULL,NULL,1,0,'2023-07-02 02:27:02','2023-07-02 02:27:02',NULL),(153,'12124148@demo.com','12124148','$2y$10$2VxQEPNFdmp891mwRshvyO5cdaqHOt8bq/ZgZwMqwST94rYTPF1r6',NULL,NULL,NULL,NULL,NULL,NULL,1,0,'2023-07-02 02:27:02','2023-07-02 02:27:02',NULL),(154,'12124149@demo.com','12124149','$2y$10$wDE0cxd8Y1sSklQ8prH3JOCo0Ag0spf9NzZ2nXeWDigO3v44jBsnW',NULL,NULL,NULL,NULL,NULL,NULL,1,0,'2023-07-02 02:27:02','2023-07-02 02:27:02',NULL),(155,'12124150@demo.com','12124150','$2y$10$brKyKGT3KysQ0IXTEpJI3u/n0sbxcTeUWnziXlha8FKVADcYSEeqS',NULL,NULL,NULL,NULL,NULL,NULL,1,0,'2023-07-02 02:27:02','2023-07-02 02:27:02',NULL),(156,'12124151@demo.com','12124151','$2y$10$rvVv7t2o9.ujebdgtiuVLONZiu.LQeyiRehodnLxsjWD6BMi5EhcG',NULL,NULL,NULL,NULL,NULL,NULL,1,0,'2023-07-02 02:27:03','2023-07-02 02:27:03',NULL),(157,'12124152@demo.com','12124152','$2y$10$R1V1TGEZr6CdpXgRwyKE1OXAEhSzIvP9pFIONqX7iGIA51hG0R0be',NULL,NULL,NULL,NULL,NULL,NULL,1,0,'2023-07-02 02:27:03','2023-07-02 02:27:03',NULL),(158,'12124153@demo.com','12124153','$2y$10$rGr499kBMFkaIBRr/jsTUelY8./1Yu.PLQy21j0oV6vlZbbZxuvC6',NULL,NULL,NULL,NULL,NULL,NULL,1,0,'2023-07-02 02:27:03','2023-07-02 02:27:03',NULL),(159,'12124154@demo.com','12124154','$2y$10$317o04Y8DQv2qOrsvZBByeqsHmRxjTpXmlEPdLM7sCYMJaXXyP4Hy',NULL,NULL,NULL,NULL,NULL,NULL,1,0,'2023-07-02 02:27:03','2023-07-02 02:27:03',NULL),(160,'12124155@demo.com','12124155','$2y$10$dY9./ZI2Y1wrsOmxnfxC/.XxkdfcRzPooj1HHkLBpNo3I7dOEtlpa',NULL,NULL,NULL,NULL,NULL,NULL,1,0,'2023-07-02 02:27:03','2023-07-02 02:27:03',NULL),(161,'12124156@demo.com','12124156','$2y$10$o1NSmCSjtyScIOVgSQ3W2.tJTaW9i/tZdXsf0Cayv2YSZGSXHIk1e',NULL,NULL,NULL,NULL,NULL,NULL,1,0,'2023-07-02 02:27:03','2023-07-02 02:27:03',NULL),(162,'12124157@demo.com','12124157','$2y$10$fSXo4XKhB6oNR2mVSPlghOz0C8p9X/1gRc5UtA1fuoPW9rGPCIAzC',NULL,NULL,NULL,NULL,NULL,NULL,1,0,'2023-07-02 02:27:03','2023-07-02 02:27:03',NULL),(163,'12124158@demo.com','12124158','$2y$10$ujIsTtSTzE7zfrs/6IPkx.Bb1v3nqo5Xuqa0Ph8viosL0SSnb.jra',NULL,NULL,NULL,NULL,NULL,NULL,1,0,'2023-07-02 02:27:03','2023-07-02 02:27:03',NULL),(164,'12124159@demo.com','12124159','$2y$10$ZLXIvLZP/zQhjvNOn.2pVun4FqPJ0/KfTv//C.oMtkHXhqap/dhVa',NULL,NULL,NULL,NULL,NULL,NULL,1,0,'2023-07-02 02:27:04','2023-07-02 02:27:04',NULL),(165,'12124160@demo.com','12124160','$2y$10$L9LJdWsfwcvATvupVGtjMOPUNDO3ZkpJ.Q3sLrgHyRh7yyUEFwyLa',NULL,NULL,NULL,NULL,NULL,NULL,1,0,'2023-07-02 02:27:04','2023-07-02 02:27:04',NULL),(166,'12124161@demo.com','12124161','$2y$10$icgS.ayqX.FMEEA.xq3L0.EbRvUpdpBZ6fFMJDTCAH7qpLIo5c5AG',NULL,NULL,NULL,NULL,NULL,NULL,1,0,'2023-07-02 02:27:04','2023-07-02 02:27:04',NULL),(167,'12124162@demo.com','12124162','$2y$10$x8mY4SYZcpTWG8eh2E3lkugjMuPuby/T/mChY2U8fKW9hkLzCsA52',NULL,NULL,NULL,NULL,NULL,NULL,1,0,'2023-07-02 02:27:04','2023-07-02 02:27:04',NULL),(168,'12124163@demo.com','12124163','$2y$10$B0gFKmnzx04XStXiJlGcXuFKvSafDrFIsxvttwwe3by9oebFaMBeG',NULL,NULL,NULL,NULL,NULL,NULL,1,0,'2023-07-02 02:27:04','2023-07-02 02:27:04',NULL),(169,'12124164@demo.com','12124164','$2y$10$6rUeohRGJ/LLcbJBnS/Zo.dIx1Zvgs7PxLJ85SZPnTtvj1N3NTo4q',NULL,NULL,NULL,NULL,NULL,NULL,1,0,'2023-07-02 02:27:04','2023-07-02 02:27:04',NULL),(170,'12124165@demo.com','12124165','$2y$10$Wb58BGW/zUG0zDgdD6Zzru7MN19WDCKAX5Ycsy.F9PX65NJTSreeC',NULL,NULL,NULL,NULL,NULL,NULL,1,0,'2023-07-02 02:27:04','2023-07-02 02:27:04',NULL),(171,'12124166@demo.com','12124166','$2y$10$fXitNeF3aGoKEwspn/DkU.EGljB/M32jpwV9Ypy3aLtqzFrbfLiDu',NULL,NULL,NULL,NULL,NULL,NULL,1,0,'2023-07-02 02:27:04','2023-07-02 02:27:04',NULL),(172,'12124167@demo.com','12124167','$2y$10$X/qULN5yO68esQhj9zj67u1rBQtEb4q20CvZZ9xpBI5Drrpn9IevS',NULL,NULL,NULL,NULL,NULL,NULL,1,0,'2023-07-02 02:27:05','2023-07-02 02:27:05',NULL),(173,'12124168@demo.com','12124168','$2y$10$g/JkEjz77f2sZvFeqvXgF.GYqT5Hqots6gWrjTwgTtE/n8ti/O9w.',NULL,NULL,NULL,NULL,NULL,NULL,1,0,'2023-07-02 02:27:05','2023-07-02 02:27:05',NULL),(174,'12124169@demo.com','12124169','$2y$10$kbZ1CwbguhNthpjTga6uiO.qHp7Hz5okJvqoy19WEuXZSOrE/yCCC',NULL,NULL,NULL,NULL,NULL,NULL,1,0,'2023-07-02 02:27:05','2023-07-02 02:27:05',NULL),(175,'12124170@demo.com','12124170','$2y$10$REVQYpgpAOhvTPHbjhOT1.TSZ/rY0ST12O4sb5m99QqCyJQMh9rOO',NULL,NULL,NULL,NULL,NULL,NULL,1,0,'2023-07-02 02:27:05','2023-07-02 02:27:05',NULL),(176,'12124171@demo.com','12124171','$2y$10$ct05hBAkfmksy4F.KfbYuuDWpHTHWIBRYyp6mYEZVQk1cfW7C3bZq',NULL,NULL,NULL,NULL,NULL,NULL,1,0,'2023-07-02 02:27:05','2023-07-02 02:27:05',NULL),(177,'12124172@demo.com','12124172','$2y$10$RcYFvfd8A4BbXCrqeCbXOeZ5MtL3YkiZcxShuF7aIAPvWF1wUzMmu',NULL,NULL,NULL,NULL,NULL,NULL,1,0,'2023-07-02 02:27:05','2023-07-02 02:27:05',NULL),(178,'12124173@demo.com','12124173','$2y$10$XIvCUdzdk/lhTEZTT20/5uj7xew7ldoe71XbudKPo8rpHxFs1lIM2',NULL,NULL,NULL,NULL,NULL,NULL,1,0,'2023-07-02 02:27:05','2023-07-02 02:27:05',NULL),(179,'12124174@demo.com','12124174','$2y$10$LxcpMbvLrbDXISDLH2CXS.pU4jMkKybfDNsluYS87TCuOyqvhqbFu',NULL,NULL,NULL,NULL,NULL,NULL,1,0,'2023-07-02 02:27:06','2023-07-02 02:27:06',NULL),(180,'12124175@demo.com','12124175','$2y$10$eC2N9jp2bbjrLIuBrVYrV.9oQb44f5pzr/NG3oJq6FxkWxSAC6hRW',NULL,NULL,NULL,NULL,NULL,NULL,1,0,'2023-07-02 02:27:06','2023-07-02 02:27:06',NULL),(181,'12124176@demo.com','12124176','$2y$10$TtzH7OgQgUS2RNnaFDaPou2h3zt6WpTt1SF3dwBnbHfUvP1Jv6wBm',NULL,NULL,NULL,NULL,NULL,NULL,1,0,'2023-07-02 02:27:06','2023-07-02 02:27:06',NULL),(182,'12124177@demo.com','12124177','$2y$10$bX1pYk.VBZEYpUc97gAoZuV4r9Mq69uGSS3jCjhyG/lTfJhBa6/gK',NULL,NULL,NULL,NULL,NULL,NULL,1,0,'2023-07-02 02:27:06','2023-07-02 02:27:06',NULL),(183,'12124178@demo.com','12124178','$2y$10$oU4oe8uKJr/KawsKVDRisOsiBENg7P4W3B6P4ygvN3V7OwTE/f3dW',NULL,NULL,NULL,NULL,NULL,NULL,1,0,'2023-07-02 02:27:06','2023-07-02 02:27:06',NULL),(184,'12124179@demo.com','12124179','$2y$10$vorsQIDApm0hR3yjWD7oGO8o0dThdQ.uPrwNR4sLV29lfCL0iBJPK',NULL,NULL,NULL,NULL,NULL,NULL,1,0,'2023-07-02 02:27:06','2023-07-02 02:27:06',NULL),(185,'12124180@demo.com','12124180','$2y$10$..VauwxRojVkqfUOSh5p/etW8FnEtRm4GwqwrHuZa1tJUJJi3pIZ.',NULL,NULL,NULL,NULL,NULL,NULL,1,0,'2023-07-02 02:27:06','2023-07-02 02:27:06',NULL),(186,'12124181@demo.com','12124181','$2y$10$y.Jx06HtRrzlioMk.4re4erlc3qrHetrPZJupiTxL8b2RPgSW./6m',NULL,NULL,NULL,NULL,NULL,NULL,1,0,'2023-07-02 02:27:06','2023-07-02 02:27:06',NULL),(187,'12124182@demo.com','12124182','$2y$10$Jl82hGezrNKFNdZk90PHj.fYNMckioAVQQk1pHpzRp7FN22vasGSK',NULL,NULL,NULL,NULL,NULL,NULL,1,0,'2023-07-02 02:27:07','2023-07-02 02:27:07',NULL),(188,'12124183@demo.com','12124183','$2y$10$g/njMapBsu8E/9A/6GCk9eWVWG/0jDshos9YkOHv6hy6a.PbYgWFS',NULL,NULL,NULL,NULL,NULL,NULL,1,0,'2023-07-02 02:27:07','2023-07-02 02:27:07',NULL),(189,'12124184@demo.com','12124184','$2y$10$faIp2i172LuL.Zs.Hgchg.hYNxxrqbOaFLo.sZxPjS2vWsFplwXme',NULL,NULL,NULL,NULL,NULL,NULL,1,0,'2023-07-02 02:27:07','2023-07-02 02:27:07',NULL),(190,'12124185@demo.com','12124185','$2y$10$qedwk7vRa0D6JZCrjYwdGOuPiUJhmmO4.jfOZc9lzPPiMKuVbmHlC',NULL,NULL,NULL,NULL,NULL,NULL,1,0,'2023-07-02 02:27:07','2023-07-02 02:27:07',NULL),(191,'12124186@demo.com','12124186','$2y$10$rejXkmdGKCPkVDaMigz2buoNHsUYhxaVZ7JSfJ9eRBDxnCc.TkRXe',NULL,NULL,NULL,NULL,NULL,NULL,1,0,'2023-07-02 02:27:07','2023-07-02 02:27:07',NULL),(192,'12124187@demo.com','12124187','$2y$10$NNPCJ.BKpolnL0BXWWSE0u1Tt7avW4dpFYI/HIuihNuk2mR7nDfs2',NULL,NULL,NULL,NULL,NULL,NULL,1,0,'2023-07-02 02:27:07','2023-07-02 02:27:07',NULL),(193,'12124188@demo.com','12124188','$2y$10$GlZi01NcuUyZ8GMx7QwiLeTwiyEkBZh4/boaVUMQjPColtyFotabK',NULL,NULL,NULL,NULL,NULL,NULL,1,0,'2023-07-02 02:27:07','2023-07-02 02:27:07',NULL),(194,'12124189@demo.com','12124189','$2y$10$QKkgkDF5di/rc.Cea3kYZuT6qAY7H8GCwUjqjZb8c..9OqEE8d6Ze',NULL,NULL,NULL,NULL,NULL,NULL,1,0,'2023-07-02 02:27:07','2023-07-02 02:27:07',NULL),(195,'12124190@demo.com','12124190','$2y$10$st2XYffcHoria6y/NstzsOUP5.cEhmDvS4sTDQkNE/J1y4JU49u/W',NULL,NULL,NULL,NULL,NULL,NULL,1,0,'2023-07-02 02:27:08','2023-07-02 02:27:08',NULL),(196,'12124191@demo.com','12124191','$2y$10$kQ/oe1OU0ZkuToEfaL/CCuxewHIxT7uKEwXLIlVZ1C0GtBGe/G.nO',NULL,NULL,NULL,NULL,NULL,NULL,1,0,'2023-07-02 02:27:08','2023-07-02 02:27:08',NULL),(197,'12124192@demo.com','12124192','$2y$10$pE39WfwY.HRm7NXmj6UGv.lZu7TmdcndvL18qyeBMH/fevhnONC36',NULL,NULL,NULL,NULL,NULL,NULL,1,0,'2023-07-02 02:27:08','2023-07-02 02:27:08',NULL),(198,'12124193@demo.com','12124193','$2y$10$2C/.S02PjLr0J9Hm6QIoDOmPPPqdc.KFM5ta/Lqh6l.xO1BhqkgI2',NULL,NULL,NULL,NULL,NULL,NULL,1,0,'2023-07-02 02:27:08','2023-07-02 02:27:08',NULL),(199,'12124194@demo.com','12124194','$2y$10$98Pe7FajLbuJXYJM8.U1CeDxfHnkgWTfF6EzaGLTw3rTkJQfPgMZ2',NULL,NULL,NULL,NULL,NULL,NULL,1,0,'2023-07-02 02:27:08','2023-07-02 02:27:08',NULL),(200,'12124195@demo.com','12124195','$2y$10$QVAkRBNEuwSDiygvIJCJBeEOetLDJzLLEabxf7PkeRTC5pz/Nt2RK',NULL,NULL,NULL,NULL,NULL,NULL,1,0,'2023-07-02 02:27:08','2023-07-02 02:27:08',NULL),(201,'12124196@demo.com','12124196','$2y$10$hqG5iXpUPBfWT2078bcuZO8zHJWnC83jJjXujmcCRyNm3J7.IERse',NULL,NULL,NULL,NULL,NULL,NULL,1,0,'2023-07-02 02:27:08','2023-07-02 02:27:08',NULL),(202,'12124197@demo.com','12124197','$2y$10$qLCE1osg6Jn2zBB3yZHMsONhuZLKSbAjLo5Hv0G/88B4nh8WZWZpO',NULL,NULL,NULL,NULL,NULL,NULL,1,0,'2023-07-02 02:27:08','2023-07-02 02:27:08',NULL),(203,'12124198@demo.com','12124198','$2y$10$3nLxr7nkiHopO38Yb.7LY.HHWBKeh8UHu0ShBnLYtO3S5Yi7AhU3q',NULL,NULL,NULL,NULL,NULL,NULL,1,0,'2023-07-02 02:27:08','2023-07-02 02:27:08',NULL),(204,'12124199@demo.com','12124199','$2y$10$t.uWg6dveph4gcRLzRuBUec6di4B1gIxlGwToz5VmcuhgptJsU5jm',NULL,NULL,NULL,NULL,NULL,NULL,1,0,'2023-07-02 02:27:09','2023-07-02 02:27:09',NULL),(205,'12124200@demo.com','12124200','$2y$10$1IOmlfmslBLcrPRdN4DJUeU2I0VvyTebSlJaVJEHGHjkN7N5fFimC',NULL,NULL,NULL,NULL,NULL,NULL,1,0,'2023-07-02 02:27:09','2023-07-02 02:27:09',NULL),(206,'12124201@demo.com','12124201','$2y$10$2DKd.yIe5L/fG.4JIDFc4uQ1sxbO6rP/HOsE4K0VfgRSDC2Jhbb7G',NULL,NULL,NULL,NULL,NULL,NULL,1,0,'2023-07-02 02:27:09','2023-07-02 02:27:09',NULL),(207,'12124202@demo.com','12124202','$2y$10$01oT46lQ4rDmGXt2H108IOJWP7u15djMmEztHRUsno5FzUwNaG2yO',NULL,NULL,NULL,NULL,NULL,NULL,1,0,'2023-07-02 02:27:09','2023-07-02 02:27:09',NULL),(208,'12124203@demo.com','12124203','$2y$10$HM59zwqBwwvFZaZUEPWGQeONQLxfjV.2pWuikaW9CWYo.NCY5uM9q',NULL,NULL,NULL,NULL,NULL,NULL,1,0,'2023-07-02 02:27:09','2023-07-02 02:27:09',NULL),(209,'12124204@demo.com','12124204','$2y$10$rH47j776HZvZY0gh40Kh6uMPBllbYnsuwAaRvWbDXEyl9CAugbsEC',NULL,NULL,NULL,NULL,NULL,NULL,1,0,'2023-07-02 02:27:09','2023-07-02 02:27:09',NULL),(210,'12124205@demo.com','12124205','$2y$10$8/rbCjXXP0QLalsKU74Loum.fV/7mU2DsfJhZWJjP/pBvKY.pZ1wi',NULL,NULL,NULL,NULL,NULL,NULL,1,0,'2023-07-02 02:27:09','2023-07-02 02:27:09',NULL),(211,'12124206@demo.com','12124206','$2y$10$uxslcEuuC0xn/0uHDBYtYOZrPkWpLk0CkBepVkFJ/Y9apWmkH2ECW',NULL,NULL,NULL,NULL,NULL,NULL,1,0,'2023-07-02 02:27:09','2023-07-02 02:27:09',NULL),(212,'12124207@demo.com','12124207','$2y$10$EzHjyfsTTOenzw/QuDz1B.R/nuFVt/kERa1LiqhuBa9p2CUj4bpVe',NULL,NULL,NULL,NULL,NULL,NULL,1,0,'2023-07-02 02:27:10','2023-07-02 02:27:10',NULL),(213,'12124208@demo.com','12124208','$2y$10$uSd4k/m/zkZ2J.DJeF5TuOIw2nlLn1g8XXyp.jsJTNkivy24JJM8O',NULL,NULL,NULL,NULL,NULL,NULL,1,0,'2023-07-02 02:27:10','2023-07-02 02:27:10',NULL),(214,'12124209@demo.com','12124209','$2y$10$ORhwaL3sVWRNGU1BB11L4uIidrZJqJ7L5R.tqR1GCqxkOxTSc/ptK',NULL,NULL,NULL,NULL,NULL,NULL,1,0,'2023-07-02 02:27:10','2023-07-02 02:27:10',NULL),(215,'12124210@demo.com','12124210','$2y$10$eFRlBBsH03RqJAfGQTKZkef5JP5W4TBjSxwWlwbhNrx7ewfj78D8u',NULL,NULL,NULL,NULL,NULL,NULL,1,0,'2023-07-02 02:27:10','2023-07-02 02:27:10',NULL),(216,'12124211@demo.com','12124211','$2y$10$z16b7OJfGXAXvSVpFXY3O.By4lWH9g7PBBj3CntAz83RBcfUoMQtu',NULL,NULL,NULL,NULL,NULL,NULL,1,0,'2023-07-02 02:27:10','2023-07-02 02:27:10',NULL),(217,'12124212@demo.com','12124212','$2y$10$cp3Wk2KdKWWCMdkx5IPQ3OfcJEoBEQXovMeh2yzXjE2TEJ/MJ2gTe',NULL,NULL,NULL,NULL,NULL,NULL,1,0,'2023-07-02 02:27:10','2023-07-02 02:27:10',NULL),(218,'12124213@demo.com','12124213','$2y$10$CASzoW2YIrdXgwJOQqm7ieiYmpQviO6DTmELmsLS292kDxl.yuyDK',NULL,NULL,NULL,NULL,NULL,NULL,1,0,'2023-07-02 02:27:10','2023-07-02 02:27:10',NULL),(219,'12124214@demo.com','12124214','$2y$10$hlP/xI7sZhdb1MzuPSM72OVe/hyOuP/gDGfKhXJLlQ8uiMBysLmye',NULL,NULL,NULL,NULL,NULL,NULL,1,0,'2023-07-02 02:27:10','2023-07-02 02:27:10',NULL),(220,'12124215@demo.com','12124215','$2y$10$rgNO6fJuynzTcT/5frVatOKWKuFN2MpMiM3JTfozjmoX7LgXbxyxG',NULL,NULL,NULL,NULL,NULL,NULL,1,0,'2023-07-02 02:27:10','2023-07-02 02:27:10',NULL),(221,'12124216@demo.com','12124216','$2y$10$iutlxcs34QDbWZeo/M56iu.1UyqrE.4w8Jui6mr6..xhYhm.dof/m',NULL,NULL,NULL,NULL,NULL,NULL,1,0,'2023-07-02 02:27:11','2023-07-02 02:27:11',NULL),(222,'12124217@demo.com','12124217','$2y$10$wAz1Yg0fx99M4ofmYX/OjOvh8nFU0UAIwTlojGgG9uX8mTKnvARj6',NULL,NULL,NULL,NULL,NULL,NULL,1,0,'2023-07-02 02:27:11','2023-07-02 02:27:11',NULL),(223,'12124218@demo.com','12124218','$2y$10$npmYyfXWUB6LC3U95Xc.2uHf0yazq6sBG2/7iUmnjhYx1zx2x7jUK',NULL,NULL,NULL,NULL,NULL,NULL,1,0,'2023-07-02 02:27:11','2023-07-02 02:27:11',NULL),(224,'12124219@demo.com','12124219','$2y$10$TK.ehqOEHWsuU9qfO.z/GO4cCLT1D4zQSI5bDglzm9hvAQ9rJFpI6',NULL,NULL,NULL,NULL,NULL,NULL,1,0,'2023-07-02 02:27:11','2023-07-02 02:27:11',NULL),(225,'12124220@demo.com','12124220','$2y$10$ztL62YjMV1FsbtLh5pfbfepYeH62eOsS2VDhfYUKQbtUEYxB.vkUC',NULL,NULL,NULL,NULL,NULL,NULL,1,0,'2023-07-02 02:27:11','2023-07-02 02:27:11',NULL),(226,'12124221@demo.com','12124221','$2y$10$1KVq.dYIpB1h68R0L25O9OIGIjn.MOdPbJkPdwBOfxAnkrgSTZ4N2',NULL,NULL,NULL,NULL,NULL,NULL,1,0,'2023-07-02 02:27:11','2023-07-02 02:27:11',NULL),(227,'12124222@demo.com','12124222','$2y$10$xfr5BfF5Mj183GwPB29lTO9sBVsr9mU8H40ANEuJLmTi67rYAVNgG',NULL,NULL,NULL,NULL,NULL,NULL,1,0,'2023-07-02 02:27:11','2023-07-02 02:27:11',NULL),(228,'12124223@demo.com','12124223','$2y$10$Hkro.FLpY61z5djBrQCX.OrymlrWwQa5P0NFEIvoEcwGUHAT1Otpa',NULL,NULL,NULL,NULL,NULL,NULL,1,0,'2023-07-02 02:27:11','2023-07-02 02:27:11',NULL),(229,'12124224@demo.com','12124224','$2y$10$u8kHXx5JxKB361yVqM8yqeOv3aPVGyX2bRUjKdJQWN6/lrL8c0wx6',NULL,NULL,NULL,NULL,NULL,NULL,1,0,'2023-07-02 02:27:11','2023-07-02 02:27:11',NULL),(230,'12124225@demo.com','12124225','$2y$10$8rOmP7ruknnyzfVFo3ePI.UuzkicYkx3BwIEBZDA5MB69VXuRDySy',NULL,NULL,NULL,NULL,NULL,NULL,1,0,'2023-07-02 02:27:12','2023-07-02 02:27:12',NULL),(231,'12124226@demo.com','12124226','$2y$10$DHvA/3O8CO5Y0AWyPHYMTuGUGu.ko9CMTMhRdD0HUImQ7QeKHV02G',NULL,NULL,NULL,NULL,NULL,NULL,1,0,'2023-07-02 02:27:12','2023-07-02 02:27:12',NULL),(232,'12124227@demo.com','12124227','$2y$10$v.TReZNyeotxvG.PkCd0juqb9Rq3T7HDwmLaPk7YNZSjNs7ESnKXK',NULL,NULL,NULL,NULL,NULL,NULL,1,0,'2023-07-02 02:27:12','2023-07-02 02:27:12',NULL),(233,'12124228@demo.com','12124228','$2y$10$IvX9pgU0r89KdxO5P5W8x.4ROL92q67/LHvaOrqP7ZP1uBUDl5Rm6',NULL,NULL,NULL,NULL,NULL,NULL,1,0,'2023-07-02 02:27:12','2023-07-02 02:27:12',NULL),(234,'12124229@demo.com','12124229','$2y$10$cUq.fjYT43y9fzHXTHeOXuX8PB0YNmgb5UfpoTfJeqe4ArFUtAymq',NULL,NULL,NULL,NULL,NULL,NULL,1,0,'2023-07-02 02:27:12','2023-07-02 02:27:12',NULL),(235,'12124230@demo.com','12124230','$2y$10$74afwKz6mxmNT07RVhCdC.qtgZ4eJjgqcDG2DOUg6oYvjs9aqAst.',NULL,NULL,NULL,NULL,NULL,NULL,1,0,'2023-07-02 02:27:12','2023-07-02 02:27:12',NULL),(236,'12124231@demo.com','12124231','$2y$10$4pVYHH9VueOXuqPGs8GJVOBjkxlE9Dn6fgdqgkHFYsTfb7Mu.Ckjy',NULL,NULL,NULL,NULL,NULL,NULL,1,0,'2023-07-02 02:27:12','2023-07-02 02:27:12',NULL),(237,'12124232@demo.com','12124232','$2y$10$jUFRPkFw2X8cOyVecg4CFutNrsAoOFBQC2O21o5tA1qhwLMEZq2na',NULL,NULL,NULL,NULL,NULL,NULL,1,0,'2023-07-02 02:27:12','2023-07-02 02:27:12',NULL),(238,'12124233@demo.com','12124233','$2y$10$9MmO9bWyZnufXFmJO.C00OA07eEZ6THt9Yi/5914hTKk.qGxCiq5i',NULL,NULL,NULL,NULL,NULL,NULL,1,0,'2023-07-02 02:27:13','2023-07-02 02:27:13',NULL),(239,'12124234@demo.com','12124234','$2y$10$WaZQ0gWOWrt5VCUy.HcwtucqoYMu37FLFpUFEDj4qcNiiTsbqs3.m',NULL,NULL,NULL,NULL,NULL,NULL,1,0,'2023-07-02 02:27:13','2023-07-02 02:27:13',NULL),(240,'12124235@demo.com','12124235','$2y$10$qVQuef.8k4P0pkx/esSwH.86s.McqzOnItIvhBBFpH9iSB2rmsWT2',NULL,NULL,NULL,NULL,NULL,NULL,1,0,'2023-07-02 02:27:13','2023-07-02 02:27:13',NULL),(241,'12124236@demo.com','12124236','$2y$10$Wu4J/Pbo3pXoSnRPTylIhOuYiYtZXEWuLkeD7s2h9zAl4ObQ2Ika6',NULL,NULL,NULL,NULL,NULL,NULL,1,0,'2023-07-02 02:27:13','2023-07-02 02:27:13',NULL),(242,'12124237@demo.com','12124237','$2y$10$KdiWrwknRQIQSsFGJkij.OELba6/IpOKVKxiuzFECktSfzmCRbE4W',NULL,NULL,NULL,NULL,NULL,NULL,1,0,'2023-07-02 02:27:13','2023-07-02 02:27:13',NULL),(243,'12124238@demo.com','12124238','$2y$10$SHVMm2M.hrxgNbiWOmY1XegHuPS3uyMJa4Y524Qa7hrx648PsfPN2',NULL,NULL,NULL,NULL,NULL,NULL,1,0,'2023-07-02 02:27:13','2023-07-02 02:27:13',NULL),(244,'12124239@demo.com','12124239','$2y$10$DHuXChKBDwuAwpwbQbKxteAtlatfnDUhe5r/Me8J9YK0vcPizuyPe',NULL,NULL,NULL,NULL,NULL,NULL,1,0,'2023-07-02 02:27:13','2023-07-02 02:27:13',NULL),(245,'12124240@demo.com','12124240','$2y$10$mhZHiS96XdeUY8a4Khi4/O.eSBeLq0aiR0LLAcw2XUxXhDosnTuCu',NULL,NULL,NULL,NULL,NULL,NULL,1,0,'2023-07-02 02:27:13','2023-07-02 02:27:13',NULL),(246,'12124241@demo.com','12124241','$2y$10$F98B3YqBQ85yCU8o4UULi.S7OToNhlIo8U8f5Kn3oHtajlfVmWj0y',NULL,NULL,NULL,NULL,NULL,NULL,1,0,'2023-07-02 02:27:13','2023-07-02 02:27:13',NULL),(247,'12124242@demo.com','12124242','$2y$10$MTBrxyOZ2/DgFm9ejTmEc..zxmpxocsDLSVEupRsgbLbIomwlk.1O',NULL,NULL,NULL,NULL,NULL,NULL,1,0,'2023-07-02 02:27:14','2023-07-02 02:27:14',NULL),(248,'12124243@demo.com','12124243','$2y$10$gXizDxqDqGpvuIOQQC0/MOZVilNyyfKrtrqXMLSrnMlkE.7nVUTZ.',NULL,NULL,NULL,NULL,NULL,NULL,1,0,'2023-07-02 02:27:14','2023-07-02 02:27:14',NULL),(249,'12124244@demo.com','12124244','$2y$10$TmmAhGQg/TekROK.9XQekugr8YLWNzu/O1UOYpjU/c9c34bbCNsT2',NULL,NULL,NULL,NULL,NULL,NULL,1,0,'2023-07-02 02:27:14','2023-07-02 02:27:14',NULL),(250,'12124245@demo.com','12124245','$2y$10$8X4WivsM/KEYxsAs.9hKMOsrZQdi5SIFfAP3pFyv2ktuXcVfD8pSW',NULL,NULL,NULL,NULL,NULL,NULL,1,0,'2023-07-02 02:27:14','2023-07-02 02:27:14',NULL),(251,'12124246@demo.com','12124246','$2y$10$p/5N9JAvoKYg43XjyqqaKOLyJwK.AV020d3G4exY7vge.yUJNsD2O',NULL,NULL,NULL,NULL,NULL,NULL,1,0,'2023-07-02 02:27:14','2023-07-02 02:27:14',NULL),(252,'12124247@demo.com','12124247','$2y$10$hOK2soDccxoz0cwq5DKv7elCG.HGwBRldjZDYB3kgRrAFCEEzSp5y',NULL,NULL,NULL,NULL,NULL,NULL,1,0,'2023-07-02 02:27:14','2023-07-02 02:27:14',NULL),(253,'12124248@demo.com','12124248','$2y$10$mxKwF8p1C2OCJknjs0iARubp7y/84znvGAKLIOZz37CfLnz4GXLhS',NULL,NULL,NULL,NULL,NULL,NULL,1,0,'2023-07-02 02:27:14','2023-07-02 02:27:14',NULL),(254,'12124249@demo.com','12124249','$2y$10$abnBfvaIImIhsYqmpjjgJ.qGyEIhZOIFh3zwnllID3sT9nQIGbtTK',NULL,NULL,NULL,NULL,NULL,NULL,1,0,'2023-07-02 02:27:14','2023-07-02 02:27:14',NULL),(255,'12124250@demo.com','12124250','$2y$10$yqrUjYoGV3K00mwHX/FXGOeZEZjB7bsorH1HqEVdUA4nnJ9tHJxGO',NULL,NULL,NULL,NULL,NULL,NULL,1,0,'2023-07-02 02:27:15','2023-07-02 02:27:15',NULL),(256,'12124251@demo.com','12124251','$2y$10$3POgvN9AqmTW0iz/QPAYj.cS0N.Ls/7t5wa5JkdT0L2jrlIT607e6',NULL,NULL,NULL,NULL,NULL,NULL,1,0,'2023-07-02 02:27:15','2023-07-02 02:27:15',NULL),(257,'12124252@demo.com','12124252','$2y$10$FIilwB7/Frk/uxDPE9SfNuUhbE9riILVbbyGVWqoU6yeIenJY7L1G',NULL,NULL,NULL,NULL,NULL,NULL,1,0,'2023-07-02 02:27:15','2023-07-02 02:27:15',NULL),(258,'12124253@demo.com','12124253','$2y$10$WQHYihNfJEcDFIttZvOnc.23q62s.B4966chjF7nBJ2hTewSf5vVe',NULL,NULL,NULL,NULL,NULL,NULL,1,0,'2023-07-02 02:27:15','2023-07-02 02:27:15',NULL),(259,'12124254@demo.com','12124254','$2y$10$EwQpjhanprauJfrWG.oNleOqX9ozySU/kpAqgVJ4H/rIIhe8hmAle',NULL,NULL,NULL,NULL,NULL,NULL,1,0,'2023-07-02 02:27:15','2023-07-02 02:27:15',NULL),(260,'12124255@demo.com','12124255','$2y$10$lCwfyIhQ5D0iG/kqY2OuxeYYIKym26l9VSk2PmufmDiuWrVEDIILq',NULL,NULL,NULL,NULL,NULL,NULL,1,0,'2023-07-02 02:27:15','2023-07-02 02:27:15',NULL),(261,'12124256@demo.com','12124256','$2y$10$9h2EjRjmj9PfHbTOuEVhXOupVk3RKTyB/4kR3dikf1IZrqR6ZVmxa',NULL,NULL,NULL,NULL,NULL,NULL,1,0,'2023-07-02 02:27:15','2023-07-02 02:27:15',NULL),(262,'12124257@demo.com','12124257','$2y$10$GJ8/rC4hrb2qGlF7hieFRe1cYbH55FtY0vkoILAwAZJDBjvwEhZYm',NULL,NULL,NULL,NULL,NULL,NULL,1,0,'2023-07-02 02:27:15','2023-07-02 02:27:15',NULL),(263,'12124258@demo.com','12124258','$2y$10$Rht/CbyLmK8TotOQ0BsO6eHgqUr0HHQxL3R3d5FnLktZnfFkPQA0.',NULL,NULL,NULL,NULL,NULL,NULL,1,0,'2023-07-02 02:27:15','2023-07-02 02:27:15',NULL),(264,'12124259@demo.com','12124259','$2y$10$J5z1qougF7z.TJ1.gi5C8.MZVyEAX/RhiKVzZPeL0h3hNjFAlRNki',NULL,NULL,NULL,NULL,NULL,NULL,1,0,'2023-07-02 02:27:16','2023-07-02 02:27:16',NULL),(265,'12124260@demo.com','12124260','$2y$10$Jn2ryVh4nFD3TCEEIPgf9e7TCjhyLZE7qRvp3hwAaPYihfeSUlaRi',NULL,NULL,NULL,NULL,NULL,NULL,1,0,'2023-07-02 02:27:16','2023-07-02 02:27:16',NULL),(266,'12124261@demo.com','12124261','$2y$10$PnCL2A2Jeam1X/Y2SAO/I.ahuFVUX5LpfoIgJr.qjUhhG9bT9VvC6',NULL,NULL,NULL,NULL,NULL,NULL,1,0,'2023-07-02 02:27:16','2023-07-02 02:27:16',NULL),(267,'12124262@demo.com','12124262','$2y$10$rqox/egUenY8l4Y7y9Q4fOJK4jOVdRAoc8GphYwYu3H1pjH0Wkj26',NULL,NULL,NULL,NULL,NULL,NULL,1,0,'2023-07-02 02:27:16','2023-07-02 02:27:16',NULL),(268,'12124263@demo.com','12124263','$2y$10$CfZLgXAsYJNCnucJpuCr8OiUgbVLiw6zMCnGqfCYY2HLb.E0eckcy',NULL,NULL,NULL,NULL,NULL,NULL,1,0,'2023-07-02 02:27:16','2023-07-02 02:27:16',NULL),(269,'12124264@demo.com','12124264','$2y$10$Xr6hQHA5dInRpdUkjJ6afepUJyBpn0g.3zfWKJwZokTEJXRc4fRbm',NULL,NULL,NULL,NULL,NULL,NULL,1,0,'2023-07-02 02:27:16','2023-07-02 02:27:16',NULL),(270,'12124265@demo.com','12124265','$2y$10$QMrWsB.nh1Z1Fi.nzwUxceQ39hbKKVNC.RsaDeOwIw7puHA04zTJi',NULL,NULL,NULL,NULL,NULL,NULL,1,0,'2023-07-02 02:27:16','2023-07-02 02:27:16',NULL),(271,'12124266@demo.com','12124266','$2y$10$4kFQe0UH60uSAubGQCZ9.Off7ioWS0qCRajtE8FIu2ziEG4dhJ2Fq',NULL,NULL,NULL,NULL,NULL,NULL,1,0,'2023-07-02 02:27:16','2023-07-02 02:27:16',NULL),(272,'12124267@demo.com','12124267','$2y$10$NKy7U324K/cbCuZG5hiSMucpygmlLMuS7cUw8./d9iLROW5Er2QeG',NULL,NULL,NULL,NULL,NULL,NULL,1,0,'2023-07-02 02:27:17','2023-07-02 02:27:17',NULL),(273,'12124268@demo.com','12124268','$2y$10$uQnGTQq.ZkiySlukDIXjiOjP5sFKpwRuVoekEDE1eNZts7H5/fy9i',NULL,NULL,NULL,NULL,NULL,NULL,1,0,'2023-07-02 02:27:17','2023-07-02 02:27:17',NULL),(274,'12124269@demo.com','12124269','$2y$10$MjtupvP.7FVm.DnQcAdhpeMKinj.ymYRdjW3EIyss.yFHHu2U08yy',NULL,NULL,NULL,NULL,NULL,NULL,1,0,'2023-07-02 02:27:17','2023-07-02 02:27:17',NULL),(275,'12124270@demo.com','12124270','$2y$10$vJMQ5aRxggZIgt3uwxWC4udrZJr18w2jUSSUT0.9Qa1vsKbHbAJne',NULL,NULL,NULL,NULL,NULL,NULL,1,0,'2023-07-02 02:27:17','2023-07-02 02:27:17',NULL),(276,'12124271@demo.com','12124271','$2y$10$LwXd7IMHtp9Yoj3O3809eudfrZEIlGLW4BMWiysUCY/IQx9Tjomqi',NULL,NULL,NULL,NULL,NULL,NULL,1,0,'2023-07-02 02:27:17','2023-07-02 02:27:17',NULL),(277,'12124272@demo.com','12124272','$2y$10$LchVZXX2EpchN8TVZikMcekZRKPE8rEnpgagAXpB8rSKyFw87GIRu',NULL,NULL,NULL,NULL,NULL,NULL,1,0,'2023-07-02 02:27:17','2023-07-02 02:27:17',NULL),(278,'12124273@demo.com','12124273','$2y$10$mXkHSBT4MriA3RY/6XZsAe2/9hDsAAGh/ogG4w6eat5Jse4SYElK.',NULL,NULL,NULL,NULL,NULL,NULL,1,0,'2023-07-02 02:27:17','2023-07-02 02:27:17',NULL),(279,'12124274@demo.com','12124274','$2y$10$ocySeX8Rgk5v8sj.tTLVNOcW58wuidNgfz5LYpFJledd5FrT834Im',NULL,NULL,NULL,NULL,NULL,NULL,1,0,'2023-07-02 02:27:17','2023-07-02 02:27:17',NULL),(280,'12124275@demo.com','12124275','$2y$10$x62CVuO5pXC3SjMRx/fBC.U2NssVD62SaJSfxOxCnsALT7ZelX2Vi',NULL,NULL,NULL,NULL,NULL,NULL,1,0,'2023-07-02 02:27:17','2023-07-02 02:27:17',NULL),(281,'12124276@demo.com','12124276','$2y$10$pwntyyg3Q2.QUSHemtMpROSyGX2NAOac6tr2Mn7AOC9YOlkBNjIJ2',NULL,NULL,NULL,NULL,NULL,NULL,1,0,'2023-07-02 02:27:18','2023-07-02 02:27:18',NULL),(282,'12124277@demo.com','12124277','$2y$10$3TH81.dT6gozptmbo76ftejsFaHyT7Ozr4VMe9h6pHXw51p/PPayS',NULL,NULL,NULL,NULL,NULL,NULL,1,0,'2023-07-02 02:27:18','2023-07-02 02:27:18',NULL),(283,'12124278@demo.com','12124278','$2y$10$4eNuM40ycvi1MemAfmvW9en.RQ41oe2UzwCO7QGLbk7xdkRE92RJy',NULL,NULL,NULL,NULL,NULL,NULL,1,0,'2023-07-02 02:27:18','2023-07-02 02:27:18',NULL),(284,'12124279@demo.com','12124279','$2y$10$XkmVl3HGzh3BzEalj92wReWe1mmPtGxJ9GlWse.MYpJMjfFM19gwK',NULL,NULL,NULL,NULL,NULL,NULL,1,0,'2023-07-02 02:27:18','2023-07-02 02:27:18',NULL),(285,'12124280@demo.com','12124280','$2y$10$VQTAVC2YfInGVRF.bGeWiOFsBfoxW9favgOs3Ks8qEOja313D.pjG',NULL,NULL,NULL,NULL,NULL,NULL,1,0,'2023-07-02 02:27:18','2023-07-02 02:27:18',NULL),(286,'12124281@demo.com','12124281','$2y$10$W154japyJTURcjmwHTbsnOcpunZTQxKkDXXRrgBBYx.FVG6bTVUNC',NULL,NULL,NULL,NULL,NULL,NULL,1,0,'2023-07-02 02:27:18','2023-07-02 02:27:18',NULL),(287,'12124282@demo.com','12124282','$2y$10$FLAXwqbyjH7nsgi.yTkYe.9MD6YfIJKUzr8k2u7t2GvhwThYAH/tC',NULL,NULL,NULL,NULL,NULL,NULL,1,0,'2023-07-02 02:27:18','2023-07-02 02:27:18',NULL),(288,'12124283@demo.com','12124283','$2y$10$2yWUBamjw.Nz0T/J5Orlre7Va4iV5Ic1PrfMSsTYb5JNTs6x6DjD6',NULL,NULL,NULL,NULL,NULL,NULL,1,0,'2023-07-02 02:27:18','2023-07-02 02:27:18',NULL),(289,'12124284@demo.com','12124284','$2y$10$RZ68Req0FTRfJC/zBLDW/.kx4FmW9pk6zE7nkBIR9bmFYijjG4nAu',NULL,NULL,NULL,NULL,NULL,NULL,1,0,'2023-07-02 02:27:19','2023-07-02 02:27:19',NULL),(290,'12124285@demo.com','12124285','$2y$10$c6RxpoyCxytZ6/iTz5Szn.0AF0oZ6OqhRuhc9iPErsCKBkhDTAm2K',NULL,NULL,NULL,NULL,NULL,NULL,1,0,'2023-07-02 02:27:19','2023-07-02 02:27:19',NULL),(291,'12124286@demo.com','12124286','$2y$10$oo1fkq5TOMhsPV2y.bYPu.4.NhZexxkj2M0LfhTRrpmyOw8Pk.CeO',NULL,NULL,NULL,NULL,NULL,NULL,1,0,'2023-07-02 02:27:19','2023-07-02 02:27:19',NULL),(292,'12124287@demo.com','12124287','$2y$10$zCtXgxTgXUHXz9tFPolU.u6va7Mtiaas9RhRYcxwe1bg35hlCniBS',NULL,NULL,NULL,NULL,NULL,NULL,1,0,'2023-07-02 02:27:19','2023-07-02 02:27:19',NULL),(293,'12124288@demo.com','12124288','$2y$10$KSVyqQJQQxR2S5nHJ7A3du/NNKmhPnhnBNge2J5igF0ISdW1TMGzW',NULL,NULL,NULL,NULL,NULL,NULL,1,0,'2023-07-02 02:27:19','2023-07-02 02:27:19',NULL),(294,'12124289@demo.com','12124289','$2y$10$LHZY/4qE7srkX3JMM5xUVuKAInR3GeuALIResm6FXx/eXNfgipUTy',NULL,NULL,NULL,NULL,NULL,NULL,1,0,'2023-07-02 02:27:19','2023-07-02 02:27:19',NULL),(295,'12124290@demo.com','12124290','$2y$10$yxNDpsVCxu49oGEhPA0DWOs3hMnxfsNPPUKu8EOc9aBIQi2E/T1sO',NULL,NULL,NULL,NULL,NULL,NULL,1,0,'2023-07-02 02:27:19','2023-07-02 02:27:19',NULL),(296,'12124291@demo.com','12124291','$2y$10$PilEKF0c9Q0V7gmKtn7kpOcIXBdmlp3Ck.ffYj.yiPIZwDMMoE8.i',NULL,NULL,NULL,NULL,NULL,NULL,1,0,'2023-07-02 02:27:19','2023-07-02 02:27:19',NULL),(297,'12124292@demo.com','12124292','$2y$10$hK6fyRScCBcOstT3P.Nc0u6qFJA5/cyqcVzDdaBqzCrF4Ji/rl87q',NULL,NULL,NULL,NULL,NULL,NULL,1,0,'2023-07-02 02:27:19','2023-07-02 02:27:19',NULL),(298,'12124293@demo.com','12124293','$2y$10$n09/b6jTniUNl/nqE6UMqOCV5K/m.Wf/VBP.9sWMsTCVzTJ4FLSyW',NULL,NULL,NULL,NULL,NULL,NULL,1,0,'2023-07-02 02:27:20','2023-07-02 02:27:20',NULL),(299,'12124294@demo.com','12124294','$2y$10$vGXk7C9DhRmtOsda1.ZlTeJHguOejl3qvUzGMrOK/zp8ksygiqq/6',NULL,NULL,NULL,NULL,NULL,NULL,1,0,'2023-07-02 02:27:20','2023-07-02 02:27:20',NULL),(300,'12124295@demo.com','12124295','$2y$10$Ntati0ZWcIiWoFaknG2Fp.P1d0xiKxvSu4UKeIc9JcPTYDvAuhvym',NULL,NULL,NULL,NULL,NULL,NULL,1,0,'2023-07-02 02:27:20','2023-07-02 02:27:20',NULL),(301,'12124296@demo.com','12124296','$2y$10$gMysFKBNzTIgDqrtNPmlp.WZBoFK23Q8vIkaJiNdUqWinEcsEYNvu',NULL,NULL,NULL,NULL,NULL,NULL,1,0,'2023-07-02 02:27:20','2023-07-02 02:27:20',NULL),(302,'12124297@demo.com','12124297','$2y$10$FnzoP3RWOeghrze4E4qsG.hNMdccf7nmE7mAPCptQR73y/.WIDBvW',NULL,NULL,NULL,NULL,NULL,NULL,1,0,'2023-07-02 02:27:20','2023-07-02 02:27:20',NULL),(303,'12124298@demo.com','12124298','$2y$10$Pv7r/sAhkwGncyrxT7ycs.sKwOffh1EDjw649CCDgOG.X/Ycavd9e',NULL,NULL,NULL,NULL,NULL,NULL,1,0,'2023-07-02 02:27:20','2023-07-02 02:27:20',NULL),(304,'12124299@demo.com','12124299','$2y$10$Mm1VJ8Uk2xuIXuebZIfd/Oayi/BWHZUaAWwTSSYL75ML0PbGCCIRG',NULL,NULL,NULL,NULL,NULL,NULL,1,0,'2023-07-02 02:27:20','2023-07-02 02:27:20',NULL),(305,'12125000@demo.com','12125000','$2y$10$UspG3zNQ/IrJipTgXlRquOePiRT8kfLBfl6C/qphC0kqM8em/cn3G',NULL,NULL,NULL,NULL,NULL,NULL,1,0,'2023-07-02 02:27:20','2023-07-02 02:27:20',NULL),(306,'12125001@demo.com','12125001','$2y$10$zqOW8IQbf6hJmvUWOlRV2eVJzmPNeK5GnTOOxNz33eZOnq5pJrG3W',NULL,NULL,NULL,NULL,NULL,NULL,1,0,'2023-07-02 02:27:21','2023-07-02 02:27:21',NULL),(307,'12125002@demo.com','12125002','$2y$10$Qx9uHqJ8Z9leL9fWfxaEaOLNLRoarL7UOpwLgmEXHzDYrMXFZgwXe',NULL,NULL,NULL,NULL,NULL,NULL,1,0,'2023-07-02 02:27:21','2023-07-02 02:27:21',NULL),(308,'12125003@demo.com','12125003','$2y$10$/9zpqyEi3aXFbvy5pOZqeOXajMrkrCuMv55yqjBjV8FPaIfpcWIeC',NULL,NULL,NULL,NULL,NULL,NULL,1,0,'2023-07-02 02:27:21','2023-07-02 02:27:21',NULL),(309,'12125004@demo.com','12125004','$2y$10$GV0BYEzOVRAi6sPjqtVZRujbnDr9H9poTcxTgErUdtiiu8M/FwNyu',NULL,NULL,NULL,NULL,NULL,NULL,1,0,'2023-07-02 02:27:21','2023-07-02 02:27:21',NULL),(310,'12125005@demo.com','12125005','$2y$10$1XsKv0IxbsA1E/ewLHqGT.8yXYLNeTxpxr66FZGEJduubGfj7xWd6',NULL,NULL,NULL,NULL,NULL,NULL,1,0,'2023-07-02 02:27:21','2023-07-02 02:27:21',NULL),(311,'12125006@demo.com','12125006','$2y$10$o0ZSVun3aNBc72j3YpkmFOJBMlOnIqi8nsLh1b0nlovsJG.2oQb9m',NULL,NULL,NULL,NULL,NULL,NULL,1,0,'2023-07-02 02:27:21','2023-07-02 02:27:21',NULL),(312,'12125007@demo.com','12125007','$2y$10$Xwt.7Tyl90EOu7xIXqgqwOC7usoz3znKYfyTczt0VP5YOBB9d1Lrm',NULL,NULL,NULL,NULL,NULL,NULL,1,0,'2023-07-02 02:27:21','2023-07-02 02:27:21',NULL),(313,'12125008@demo.com','12125008','$2y$10$4ZEEaEYXv5iHQDRyIUBTVul8k8U8XGFWH3Rpgk6Ktsgnlfa52SVDm',NULL,NULL,NULL,NULL,NULL,NULL,1,0,'2023-07-02 02:27:21','2023-07-02 02:27:21',NULL),(314,'12125009@demo.com','12125009','$2y$10$wH4kW.s7R5PyO2Tl55lQPuqpIpSj83dAM5DQkRURkPcGBiREcw8ty',NULL,NULL,NULL,NULL,NULL,NULL,1,0,'2023-07-02 02:27:21','2023-07-02 02:27:21',NULL),(315,'12125010@demo.com','12125010','$2y$10$en/jEP8hGR1N9Mk5rM6yZOf1NffA9CA2N9eQXOlonOaBtFGo1BqP2',NULL,NULL,NULL,NULL,NULL,NULL,1,0,'2023-07-02 02:27:22','2023-07-02 02:27:22',NULL),(316,'12125011@demo.com','12125011','$2y$10$IN6kBBVlIMS1hUd/4JaIYe273sQ4gKUQ/9XxhU587YqsXVDWAGBZ2',NULL,NULL,NULL,NULL,NULL,NULL,1,0,'2023-07-02 02:27:22','2023-07-02 02:27:22',NULL),(317,'12125012@demo.com','12125012','$2y$10$Swaix3kA7fNPOzFCSk5LUOqw34YpUI/T/PtCnvKYi6vuZ.ErVLyzO',NULL,NULL,NULL,NULL,NULL,NULL,1,0,'2023-07-02 02:27:22','2023-07-02 02:27:22',NULL),(318,'12125013@demo.com','12125013','$2y$10$Q/FU5GPG9KJfp753afRN0.wqtt7quBBr3maYLrjfe3SwgvJilaI/.',NULL,NULL,NULL,NULL,NULL,NULL,1,0,'2023-07-02 02:27:22','2023-07-02 02:27:22',NULL),(319,'12125014@demo.com','12125014','$2y$10$pc.5Q5d4p/5WTcTeWr.oEeYtlrIyILxr6FrUtAph.sVxslSSe6MTW',NULL,NULL,NULL,NULL,NULL,NULL,1,0,'2023-07-02 02:27:22','2023-07-02 02:27:22',NULL),(320,'12125015@demo.com','12125015','$2y$10$SKkzpf2N24sCwTELeCH07OLuXIYGdZYWB9FtHQXyR/8FAtaXSLJXO',NULL,NULL,NULL,NULL,NULL,NULL,1,0,'2023-07-02 02:27:22','2023-07-02 02:27:22',NULL),(321,'12125016@demo.com','12125016','$2y$10$XK4stqn2ZVrEEpTbX/5pNerTS7YbAW74pVn7NVcEq8Ma6ywfGY70u',NULL,NULL,NULL,NULL,NULL,NULL,1,0,'2023-07-02 02:27:22','2023-07-02 02:27:22',NULL),(322,'12125017@demo.com','12125017','$2y$10$CaTIzWcz0DPzweR4OLJq5uvb04rOYmnCVf2n52GuvVgv.bfA5XduG',NULL,NULL,NULL,NULL,NULL,NULL,1,0,'2023-07-02 02:27:22','2023-07-02 02:27:22',NULL),(323,'12125018@demo.com','12125018','$2y$10$ytX35tGxLsX8S63mJo/W4Ofjas3AEtIhlH0jAx5evwg4kwW5OT0Wm',NULL,NULL,NULL,NULL,NULL,NULL,1,0,'2023-07-02 02:27:23','2023-07-02 02:27:23',NULL),(324,'12125019@demo.com','12125019','$2y$10$aYYaPWCuNPk/eaHYypx18ecb.zXm5BJCwPGseShNeso1B65kippru',NULL,NULL,NULL,NULL,NULL,NULL,1,0,'2023-07-02 02:27:23','2023-07-02 02:27:23',NULL),(325,'12125020@demo.com','12125020','$2y$10$EEHsNgnXAWnBHji9qXBJLeVxLA/zLtZXVvNIe52UYD6SEiyO8A2Ou',NULL,NULL,NULL,NULL,NULL,NULL,1,0,'2023-07-02 02:27:23','2023-07-02 02:27:23',NULL),(326,'12125021@demo.com','12125021','$2y$10$EOOxunR1skbhhd7ABJfoqe0dhKjdpfCVNqj7yrsmGM84.XoWTqBXK',NULL,NULL,NULL,NULL,NULL,NULL,1,0,'2023-07-02 02:27:23','2023-07-02 02:27:23',NULL),(327,'12125022@demo.com','12125022','$2y$10$uBiNCPQPGsRnZ4UbvAtXeu9/mQ5/BUG0sAfkBWDpasi6VdN7mvy1m',NULL,NULL,NULL,NULL,NULL,NULL,1,0,'2023-07-02 02:27:23','2023-07-02 02:27:23',NULL),(328,'12125023@demo.com','12125023','$2y$10$72WD.eRz9kVENX2h2Prvp.RMW1r6EEP3hrCcnlCh37o.gAtfeQ5jm',NULL,NULL,NULL,NULL,NULL,NULL,1,0,'2023-07-02 02:27:23','2023-07-02 02:27:23',NULL),(329,'12125024@demo.com','12125024','$2y$10$nbn2RNRjzq4OsgGGb39sk.J3mvVKDbdmUCDgm.WSaT.S0yOkKO7.m',NULL,NULL,NULL,NULL,NULL,NULL,1,0,'2023-07-02 02:27:23','2023-07-02 02:27:23',NULL),(330,'12125025@demo.com','12125025','$2y$10$24tlexensYjKSsBlUtq05.C08xf0C97kJgJ.xB.ZmSOvJjA6EsaSC',NULL,NULL,NULL,NULL,NULL,NULL,1,0,'2023-07-02 02:27:23','2023-07-02 02:27:23',NULL),(331,'12125026@demo.com','12125026','$2y$10$bVRMjjG5BBFBnFFs4KQk4ORLNk8gVYDUGgYa2M.fPJU5OMLXhPx9i',NULL,NULL,NULL,NULL,NULL,NULL,1,0,'2023-07-02 02:27:24','2023-07-02 02:27:24',NULL),(332,'12125027@demo.com','12125027','$2y$10$ycnFbTvkThmcAa/himLNW.2Iffwxv4t9L43Tdte3LKOKG3E/J3cmy',NULL,NULL,NULL,NULL,NULL,NULL,1,0,'2023-07-02 02:27:24','2023-07-02 02:27:24',NULL),(333,'12125028@demo.com','12125028','$2y$10$BLJoelIsfpUMV81daqyUo.X2rFIqe3zu7Kdp/dl1pAmL8asKe4ug6',NULL,NULL,NULL,NULL,NULL,NULL,1,0,'2023-07-02 02:27:24','2023-07-02 02:27:24',NULL),(334,'12125029@demo.com','12125029','$2y$10$rG.nrNB9PKG.LluaFKO5L.f6n2ApxE96GENAmkLIl4aVeliUrhaLC',NULL,NULL,NULL,NULL,NULL,NULL,1,0,'2023-07-02 02:27:24','2023-07-02 02:27:24',NULL),(335,'12125030@demo.com','12125030','$2y$10$vuzdZTtMRqs0GxqVFmKA1.V56gFYD5toxvVKcx92jmRcB8toBdEc2',NULL,NULL,NULL,NULL,NULL,NULL,1,0,'2023-07-02 02:27:24','2023-07-02 02:27:24',NULL),(336,'12125031@demo.com','12125031','$2y$10$3sbyWGlbCsjjKIBKdGT0ye4.GCmfoQa9s2uPWMU.N3N4YRJAXa.cy',NULL,NULL,NULL,NULL,NULL,NULL,1,0,'2023-07-02 02:27:24','2023-07-02 02:27:24',NULL),(337,'12125032@demo.com','12125032','$2y$10$OMBEqyYmb57IgOac8n2EnuCEN5cyHn0bC9SxUUqtamWHVq1qb8HWG',NULL,NULL,NULL,NULL,NULL,NULL,1,0,'2023-07-02 02:27:24','2023-07-02 02:27:24',NULL),(338,'12125033@demo.com','12125033','$2y$10$4ZlOaGFIpVT5JVEwIiUwse0.vTVHt2ohj/74N6MJ3IQyiJ0z6.Hju',NULL,NULL,NULL,NULL,NULL,NULL,1,0,'2023-07-02 02:27:24','2023-07-02 02:27:24',NULL),(339,'12125034@demo.com','12125034','$2y$10$mdU5NtxytLHtcJtrsj6rsu15Lerx/G6Edf3phBixBSEIZVXfJN4ny',NULL,NULL,NULL,NULL,NULL,NULL,1,0,'2023-07-02 02:27:25','2023-07-02 02:27:25',NULL),(340,'12125035@demo.com','12125035','$2y$10$fZpl82F/LSp6XYRtboly5uoXZa7AL3Z482rGRfRAvx4uU8lv/bMYm',NULL,NULL,NULL,NULL,NULL,NULL,1,0,'2023-07-02 02:27:25','2023-07-02 02:27:25',NULL),(341,'12125036@demo.com','12125036','$2y$10$rOqEUoa7atzqK18mlqm8AutydXgayPrw2ytpNINcWfYgYM7eMmdky',NULL,NULL,NULL,NULL,NULL,NULL,1,0,'2023-07-02 02:27:25','2023-07-02 02:27:25',NULL),(342,'12125037@demo.com','12125037','$2y$10$dG0KFL8HehLAZtK9MK6DieLf0kNjM1Tyl471T1dSPpz71ZHLlOU..',NULL,NULL,NULL,NULL,NULL,NULL,1,0,'2023-07-02 02:27:25','2023-07-02 02:27:25',NULL),(343,'12125038@demo.com','12125038','$2y$10$KOIiYYym0xjwumP1ryiDTO19o7g.hPPKbGBZZtITWcvVeI1.cTjeK',NULL,NULL,NULL,NULL,NULL,NULL,1,0,'2023-07-02 02:27:25','2023-07-02 02:27:25',NULL),(344,'12125039@demo.com','12125039','$2y$10$q9lkZG9tLkSIBRNENv8ljOFrakG9N2pkkaCIPG9MrRvP6NY.udyzq',NULL,NULL,NULL,NULL,NULL,NULL,1,0,'2023-07-02 02:27:25','2023-07-02 02:27:25',NULL),(345,'12125040@demo.com','12125040','$2y$10$tkLP1/tl1GXlTuIYRQ3kTuC5lUxc2Tp4S7RtY7ZsvDFIsRjTZbNPW',NULL,NULL,NULL,NULL,NULL,NULL,1,0,'2023-07-02 02:27:25','2023-07-02 02:27:25',NULL),(346,'12125041@demo.com','12125041','$2y$10$h4NyTXFHgCf2eXRXLfdZW.HiXcYQ5cuZxj0saZ3EpgO3BznyDP7Le',NULL,NULL,NULL,NULL,NULL,NULL,1,0,'2023-07-02 02:27:25','2023-07-02 02:27:25',NULL),(347,'12125042@demo.com','12125042','$2y$10$ZbCNqjcBFpGiP1dUlkPd1etWu7UBJHN6q9uUq.PxVggvwn/kAKtFq',NULL,NULL,NULL,NULL,NULL,NULL,1,0,'2023-07-02 02:27:26','2023-07-02 02:27:26',NULL),(348,'12125043@demo.com','12125043','$2y$10$BC3CIvRKRGqfKpS8Y5x.O..TUaBYWGH6Ty3S9bmPVpymgj0oy94rO',NULL,NULL,NULL,NULL,NULL,NULL,1,0,'2023-07-02 02:27:26','2023-07-02 02:27:26',NULL),(349,'12125044@demo.com','12125044','$2y$10$fejABY3CtxzvMG3KaaZENuou3kxTGxwWZKtgB1TH68CczJERjQRie',NULL,NULL,NULL,NULL,NULL,NULL,1,0,'2023-07-02 02:27:26','2023-07-02 02:27:26',NULL),(350,'12125045@demo.com','12125045','$2y$10$RlEk.4X03pvoTxE38h0iLumCJmacevXLc/olnXfumJSbLkIbaB2iG',NULL,NULL,NULL,NULL,NULL,NULL,1,0,'2023-07-02 02:27:26','2023-07-02 02:27:26',NULL),(351,'12125046@demo.com','12125046','$2y$10$OwiKIR4SVTjKxzapUQl0reWSmXSHM4kWHhBwr1RiCkFFJI54Q7a9q',NULL,NULL,NULL,NULL,NULL,NULL,1,0,'2023-07-02 02:27:26','2023-07-02 02:27:26',NULL),(352,'12125047@demo.com','12125047','$2y$10$R9CFOvr3kKQB2M0.7NlieeG.Eu5lEA.Ha.fGAJvdY9UhlbY5NoOZi',NULL,NULL,NULL,NULL,NULL,NULL,1,0,'2023-07-02 02:27:27','2023-07-02 02:27:27',NULL),(353,'12125048@demo.com','12125048','$2y$10$u7yYcoIKzULHITkt/XWnUOAzwcEksL371wrRDwNY2ZeP2DRBGzdvG',NULL,NULL,NULL,NULL,NULL,NULL,1,0,'2023-07-02 02:27:27','2023-07-02 02:27:27',NULL),(354,'12125049@demo.com','12125049','$2y$10$IUT9EG3o86/Ys4WI6lHWMO/UdU2Rp74swXpdeeotvpX7Hai.ilX1e',NULL,NULL,NULL,NULL,NULL,NULL,1,0,'2023-07-02 02:27:27','2023-07-02 02:27:27',NULL),(355,'12125050@demo.com','12125050','$2y$10$5.1gA2wVp6B7zsSf9emGWO4zLn9lSAFlwDv5B60E3FkjOuZdRbzPS',NULL,NULL,NULL,NULL,NULL,NULL,1,0,'2023-07-02 02:27:27','2023-07-02 02:27:27',NULL),(356,'12125051@demo.com','12125051','$2y$10$oTorDCDIoM4DgPpmfx8Co.gI9zf8icWuT9YjH8CoHiCpe2dwX/5km',NULL,NULL,NULL,NULL,NULL,NULL,1,0,'2023-07-02 02:27:27','2023-07-02 02:27:27',NULL),(357,'12125052@demo.com','12125052','$2y$10$daO4dguqBrn0vi9mRzuuGes3MFxKur2K4YY5ea4xOhn6UsCoGlY2a',NULL,NULL,NULL,NULL,NULL,NULL,1,0,'2023-07-02 02:27:27','2023-07-02 02:27:27',NULL),(358,'12125053@demo.com','12125053','$2y$10$AzkNZLOak3V3EaaEeaptiOC/ZRTW0NTE4APTvzMTFfKDcGoI.XU1W',NULL,NULL,NULL,NULL,NULL,NULL,1,0,'2023-07-02 02:27:27','2023-07-02 02:27:27',NULL),(359,'12125054@demo.com','12125054','$2y$10$fmkfUhwzPXGYXApDKxJHxeLoWeox7O6bLl0VPIveThikgHCif8JFe',NULL,NULL,NULL,NULL,NULL,NULL,1,0,'2023-07-02 02:27:27','2023-07-02 02:27:27',NULL),(360,'12125055@demo.com','12125055','$2y$10$CU0uhHZoHA6XIJGG1PdgB.3qWSTjvgeqtMm1CnwCLHUxTBlNScgkq',NULL,NULL,NULL,NULL,NULL,NULL,1,0,'2023-07-02 02:27:28','2023-07-02 02:27:28',NULL),(361,'12125056@demo.com','12125056','$2y$10$S37dhov.Mg9.lajr/r.iEeAEOiPBDhigiTUNs3Wo/u0CP3JNBjbES',NULL,NULL,NULL,NULL,NULL,NULL,1,0,'2023-07-02 02:27:28','2023-07-02 02:27:28',NULL),(362,'12125057@demo.com','12125057','$2y$10$812lgiw0aPo48Zujrd4IWuCWJ2Vq3EHWBGfuHG43UzqUJsA14/IUC',NULL,NULL,NULL,NULL,NULL,NULL,1,0,'2023-07-02 02:27:28','2023-07-02 02:27:28',NULL),(363,'12125058@demo.com','12125058','$2y$10$MkylERCzrHqd6HwIxDfSg.JerBjXlWTTXCMrWR7F6gRHCx.0A5jnC',NULL,NULL,NULL,NULL,NULL,NULL,1,0,'2023-07-02 02:27:28','2023-07-02 02:27:28',NULL),(364,'12125059@demo.com','12125059','$2y$10$lFC94YyBm5l2v.jTuWdMjOu4fBnsEGmWnRM2vVcCBv2dOZp/TA2f.',NULL,NULL,NULL,NULL,NULL,NULL,1,0,'2023-07-02 02:27:28','2023-07-02 02:27:28',NULL),(365,'12125060@demo.com','12125060','$2y$10$rK1OH6ImM7yhrdLPP38m8uoOEQ.mbTtHT9Q9rK12KoiW./i3KAAci',NULL,NULL,NULL,NULL,NULL,NULL,1,0,'2023-07-02 02:27:28','2023-07-02 02:27:28',NULL),(366,'12125061@demo.com','12125061','$2y$10$9u.XDjVcDvuE5V0hn9zp6uZFI2.ma7nQ.j8zA63Yg1Uxesq6RObOy',NULL,NULL,NULL,NULL,NULL,NULL,1,0,'2023-07-02 02:27:28','2023-07-02 02:27:28',NULL),(367,'12125062@demo.com','12125062','$2y$10$qrHrUvMSH8BQ5d/E4wPM0e8XuSmArUxkJLkJiA3ttxYsZiGksIUI.',NULL,NULL,NULL,NULL,NULL,NULL,1,0,'2023-07-02 02:27:29','2023-07-02 02:27:29',NULL),(368,'12125063@demo.com','12125063','$2y$10$fapZIxgmeQAhfS3NfzSYyOYfJrjo4ogV5Gr7WFcTakcmCcKo5WjCG',NULL,NULL,NULL,NULL,NULL,NULL,1,0,'2023-07-02 02:27:29','2023-07-02 02:27:29',NULL),(369,'12125064@demo.com','12125064','$2y$10$FoZ9hUL9W8CU0efO9GaekOzNe6G/KXmHqxjTKvKcJmrkgEt9XTYVm',NULL,NULL,NULL,NULL,NULL,NULL,1,0,'2023-07-02 02:27:29','2023-07-02 02:27:29',NULL),(370,'12125065@demo.com','12125065','$2y$10$oSkf3uFsAu9a4CqtsOslzOyYBZ/ag2.vMUd2/ko3EN2XabkB2DoJC',NULL,NULL,NULL,NULL,NULL,NULL,1,0,'2023-07-02 02:27:29','2023-07-02 02:27:29',NULL),(371,'12125066@demo.com','12125066','$2y$10$LIVn3NZSxNotpPIohOlGPueTmEYkKxLIMS8ySWrSiDnXFk/F1Mm/m',NULL,NULL,NULL,NULL,NULL,NULL,1,0,'2023-07-02 02:27:29','2023-07-02 02:27:29',NULL),(372,'12125067@demo.com','12125067','$2y$10$dVTzOM9GK4RQevMO29Dr7edbAL5illmx2fMLQWX0ib3QBZ2AbPhiu',NULL,NULL,NULL,NULL,NULL,NULL,1,0,'2023-07-02 02:27:29','2023-07-02 02:27:29',NULL),(373,'12125068@demo.com','12125068','$2y$10$8VifJ/cI3xKFdi.Og.D2d.3qHj3.7ePhAGNPwl8/S/gqjaaYIfv8C',NULL,NULL,NULL,NULL,NULL,NULL,1,0,'2023-07-02 02:27:30','2023-07-02 02:27:30',NULL),(374,'12125069@demo.com','12125069','$2y$10$C7hXo5ACXnN0baS.BsmN6.cngoD8Ebor1Q4H5AnfeFX1h5IRC1x52',NULL,NULL,NULL,NULL,NULL,NULL,1,0,'2023-07-02 02:27:30','2023-07-02 02:27:30',NULL),(375,'12125070@demo.com','12125070','$2y$10$Cj1/afDjwSBTjXkhTxARRetil1TJyxrWyG2ONEMpgh9yuFkBEMnJu',NULL,NULL,NULL,NULL,NULL,NULL,1,0,'2023-07-02 02:27:30','2023-07-02 02:27:30',NULL),(376,'12125071@demo.com','12125071','$2y$10$F24ChVpcRMcs/fQ7u08pMeoex4BMEPFJPFm1dRLeyg4AZ3Uxjlvua',NULL,NULL,NULL,NULL,NULL,NULL,1,0,'2023-07-02 02:27:30','2023-07-02 02:27:30',NULL),(377,'12125072@demo.com','12125072','$2y$10$anyHEhC5qitKFsUWPPB2eOEH5miu//NHM1BcWO2nanYvPfRkFWdXC',NULL,NULL,NULL,NULL,NULL,NULL,1,0,'2023-07-02 02:27:30','2023-07-02 02:27:30',NULL),(378,'12125073@demo.com','12125073','$2y$10$7j8uBkFsOvG4er7wZY9zg.JXykN1PSMQe1OUe5zZRteJoWHdMtAge',NULL,NULL,NULL,NULL,NULL,NULL,1,0,'2023-07-02 02:27:30','2023-07-02 02:27:30',NULL),(379,'12125074@demo.com','12125074','$2y$10$HCJP473LzwNO0jhWr2rtqebFqXMHfzejyL24cWq8u1jvsOZFSO7oi',NULL,NULL,NULL,NULL,NULL,NULL,1,0,'2023-07-02 02:27:31','2023-07-02 02:27:31',NULL),(380,'12125075@demo.com','12125075','$2y$10$ADgqbWZ/B0gs66zqj3l7oONz14bFzGeqgS6sTYHHxNbkl/b/p0eZO',NULL,NULL,NULL,NULL,NULL,NULL,1,0,'2023-07-02 02:27:31','2023-07-02 02:27:31',NULL),(381,'12125076@demo.com','12125076','$2y$10$YszPjXKmMHxbYO7ifEbuA.N7AYi/QGdpSJalCk1x4p9vF6/nVBQGu',NULL,NULL,NULL,NULL,NULL,NULL,1,0,'2023-07-02 02:27:31','2023-07-02 02:27:31',NULL),(382,'12125077@demo.com','12125077','$2y$10$DxP2hL2f5J4Ggk55DtOB2OZ1.WZAik2esvPD29Y0IT2lmuwH0ekWy',NULL,NULL,NULL,NULL,NULL,NULL,1,0,'2023-07-02 02:27:31','2023-07-02 02:27:31',NULL),(383,'12125078@demo.com','12125078','$2y$10$NJCG3004aJ8UwsgzybhCI.1bH9ZRPdHmdQSMeyb6U.Mtf1lxjnQEW',NULL,NULL,NULL,NULL,NULL,NULL,1,0,'2023-07-02 02:27:31','2023-07-02 02:27:31',NULL),(384,'12125079@demo.com','12125079','$2y$10$PYuf4gARWloRZOLmPpHQPO2382IojeQjn9JXICJlugnkqOyQMnvVi',NULL,NULL,NULL,NULL,NULL,NULL,1,0,'2023-07-02 02:27:31','2023-07-02 02:27:31',NULL),(385,'12125080@demo.com','12125080','$2y$10$VTZlLGzm5Fo7oVVRxTSD7eEFfUQcwwI8dgmPVlveZljD3VafcH9VS',NULL,NULL,NULL,NULL,NULL,NULL,1,0,'2023-07-02 02:27:31','2023-07-02 02:27:31',NULL),(386,'12125081@demo.com','12125081','$2y$10$mqKWfByeI69k1MlkQMw0Bu.pDqEW5la2VhVheYuaTeuSuf5MlMfQS',NULL,NULL,NULL,NULL,NULL,NULL,1,0,'2023-07-02 02:27:32','2023-07-02 02:27:32',NULL),(387,'12125082@demo.com','12125082','$2y$10$R5MNmUMMUdY6OdynWEVsYu/BJUlATfjc1v3LfYgIC642/wwottcGS',NULL,NULL,NULL,NULL,NULL,NULL,1,0,'2023-07-02 02:27:32','2023-07-02 02:27:32',NULL),(388,'12125083@demo.com','12125083','$2y$10$w1v8LTcdzmk8C851xa7VP.4atSt7SacPLJ2GBIzmHkwuOe6PM6cCy',NULL,NULL,NULL,NULL,NULL,NULL,1,0,'2023-07-02 02:27:32','2023-07-02 02:27:32',NULL),(389,'12125084@demo.com','12125084','$2y$10$etFBVrB5c49zoxdcgD2ZZOOw94twNRwrah2ygAY4ExkVroL5omhxS',NULL,NULL,NULL,NULL,NULL,NULL,1,0,'2023-07-02 02:27:32','2023-07-02 02:27:32',NULL),(390,'12125085@demo.com','12125085','$2y$10$xSRFeHoFUEEMXIXb4MuUTe74JYu8T6weJXMT.5mCPK6me6asbjyCK',NULL,NULL,NULL,NULL,NULL,NULL,1,0,'2023-07-02 02:27:32','2023-07-02 02:27:32',NULL),(391,'12125086@demo.com','12125086','$2y$10$kYrQRwZla31r1QXyKE6q3eQOXjEO47gzikTfUQYiagZrLsmQEuqya',NULL,NULL,NULL,NULL,NULL,NULL,1,0,'2023-07-02 02:27:32','2023-07-02 02:27:32',NULL),(392,'12125087@demo.com','12125087','$2y$10$KPxEhFEiS89VhRf2R5T0Xed1NMJ9zamqRq5AEVkcUKMiJ/LpkhBne',NULL,NULL,NULL,NULL,NULL,NULL,1,0,'2023-07-02 02:27:32','2023-07-02 02:27:32',NULL),(393,'12125088@demo.com','12125088','$2y$10$Q36qG70YEefKh.HAdZ/5bOuSt3VGNKXUQlm1iJCTRgcaawZKPCViy',NULL,NULL,NULL,NULL,NULL,NULL,1,0,'2023-07-02 02:27:33','2023-07-02 02:27:33',NULL),(394,'12125089@demo.com','12125089','$2y$10$pltvp/XX2W6lm8K6pWevbOIwubNHQf0Ac9d2CAiPh4TFeoT95yzi6',NULL,NULL,NULL,NULL,NULL,NULL,1,0,'2023-07-02 02:27:33','2023-07-02 02:27:33',NULL),(395,'12125090@demo.com','12125090','$2y$10$z3WiUC1jq1h53GDSV6xcU.ccmuVr.QipcwNFJyXPkJ2.BLL6CPjaK',NULL,NULL,NULL,NULL,NULL,NULL,1,0,'2023-07-02 02:27:33','2023-07-02 02:27:33',NULL),(396,'12125091@demo.com','12125091','$2y$10$PgZFLan3SzqwCKI263BxQemehHj8AQnrD7kJx7pe0EQTDQscX8rEG',NULL,NULL,NULL,NULL,NULL,NULL,1,0,'2023-07-02 02:27:33','2023-07-02 02:27:33',NULL),(397,'12125092@demo.com','12125092','$2y$10$nsOOMiafRYPrLmCADp8YTeB2RFUmacBDrrzDGfHP1En33zdJ9xz/a',NULL,NULL,NULL,NULL,NULL,NULL,1,0,'2023-07-02 02:27:33','2023-07-02 02:27:33',NULL),(398,'12125093@demo.com','12125093','$2y$10$CyxWmY/Rhospb6xJ/UsLUOBhPb/wBuq1ZsMnCEanTRDpQwq1lHFGa',NULL,NULL,NULL,NULL,NULL,NULL,1,0,'2023-07-02 02:27:33','2023-07-02 02:27:33',NULL),(399,'12125094@demo.com','12125094','$2y$10$wqf0yy62VZeKcNXq.RIuw.MPJepWtWe1wZC3BuXKOrdQ2Q5.1Gyti',NULL,NULL,NULL,NULL,NULL,NULL,1,0,'2023-07-02 02:27:33','2023-07-02 02:27:33',NULL),(400,'12125095@demo.com','12125095','$2y$10$Iz.5Z/Nmq1tTiCktuPXIYO5iYek2uRVahTUZvBj3qGiy30WrOm0oS',NULL,NULL,NULL,NULL,NULL,NULL,1,0,'2023-07-02 02:27:34','2023-07-02 02:27:34',NULL),(401,'12125096@demo.com','12125096','$2y$10$aoNH8Zu2hi5tWvlsOjwnTOyQs4ZImI8WR6DO6FaUUGZfVezR6Ae5a',NULL,NULL,NULL,NULL,NULL,NULL,1,0,'2023-07-02 02:27:34','2023-07-02 02:27:34',NULL),(402,'12125097@demo.com','12125097','$2y$10$xE/OsRMPgB0e2U3WxRn6HeriJOPPx2hjKHgrFa23jEqYPIpMeEgeW',NULL,NULL,NULL,NULL,NULL,NULL,1,0,'2023-07-02 02:27:34','2023-07-02 02:27:34',NULL),(403,'12125098@demo.com','12125098','$2y$10$w.hKSSeShcBieoLZsWolZeXI9dKbKeI7MfhfQ8qUEGY4e.pqz2T..',NULL,NULL,NULL,NULL,NULL,NULL,1,0,'2023-07-02 02:27:34','2023-07-02 02:27:34',NULL),(404,'12125099@demo.com','12125099','$2y$10$W0rj1SdlCqBJUSj9WO6szO1HygC6sJkCo0lCqNgO8OQ1.Jslxo56a',NULL,NULL,NULL,NULL,NULL,NULL,1,0,'2023-07-02 02:27:34','2023-07-02 02:27:34',NULL),(405,'12125100@demo.com','12125100','$2y$10$.96fbeDwU6LbX9wVxFE2te9KDjpbazoX4dd1/qH75AFGkgRm02GZS',NULL,NULL,NULL,NULL,NULL,NULL,1,0,'2023-07-02 02:27:34','2023-07-02 02:27:34',NULL),(406,'12125101@demo.com','12125101','$2y$10$DKv.5nKl8FPk/k1GekaYAuHUs074LfeJmIdibJ0TbCzroSPJRLQq.',NULL,NULL,NULL,NULL,NULL,NULL,1,0,'2023-07-02 02:27:34','2023-07-02 02:27:34',NULL),(407,'12125102@demo.com','12125102','$2y$10$P2H0otlEOvq.A/vtlwcrKu0VUXxR.ytpluTHLj0ID1G.w6fOk/X9C',NULL,NULL,NULL,NULL,NULL,NULL,1,0,'2023-07-02 02:27:34','2023-07-02 02:27:34',NULL),(408,'12125103@demo.com','12125103','$2y$10$e4jNdRSm.htZ8EN/CM3O6uvnXyTl7mAYc8RSm1Mmt1cvSDsUJM8/m',NULL,NULL,NULL,NULL,NULL,NULL,1,0,'2023-07-02 02:27:35','2023-07-02 02:27:35',NULL),(409,'12125104@demo.com','12125104','$2y$10$/KLuJWyuh9kMuKQ8ySG4COTfcK13syyv/9K6EVy4rdW1mlAk7qfpa',NULL,NULL,NULL,NULL,NULL,NULL,1,0,'2023-07-02 02:27:35','2023-07-02 02:27:35',NULL),(410,'12125105@demo.com','12125105','$2y$10$IZJFBwDEGsMGOd.gopSujuu5b.NaUDwzdv83.J3vgSXIqqD.mTF5W',NULL,NULL,NULL,NULL,NULL,NULL,1,0,'2023-07-02 02:27:35','2023-07-02 02:27:35',NULL),(411,'12125106@demo.com','12125106','$2y$10$vT6AN.6Kpni5i4HfiJUAJux9SdTEbzRFemTEYkFOKGfYwxGD7SeS.',NULL,NULL,NULL,NULL,NULL,NULL,1,0,'2023-07-02 02:27:35','2023-07-02 02:27:35',NULL),(412,'12125107@demo.com','12125107','$2y$10$KE2xQQR4hRw34J9DicP9jeolhiX3.0jJHyDaZAR9S3X3abgj..ujG',NULL,NULL,NULL,NULL,NULL,NULL,1,0,'2023-07-02 02:27:35','2023-07-02 02:27:35',NULL),(413,'12125108@demo.com','12125108','$2y$10$86.4.CkXRRax6PgHLY3spOVSNxL.QED329cuzI/5ENVeg5vO81ytu',NULL,NULL,NULL,NULL,NULL,NULL,1,0,'2023-07-02 02:27:35','2023-07-02 02:27:35',NULL),(414,'12125109@demo.com','12125109','$2y$10$H4WE1hLPUGN.tVhEiYVjVuZKRgv9k4NZtyDkxrVxzZNOvRSFEgwXW',NULL,NULL,NULL,NULL,NULL,NULL,1,0,'2023-07-02 02:27:35','2023-07-02 02:27:35',NULL),(415,'12125110@demo.com','12125110','$2y$10$HGUuBnCK4mZl1vnP5i7OSuAfDDbPb8KHftp/vJgm/snifbroN8MPW',NULL,NULL,NULL,NULL,NULL,NULL,1,0,'2023-07-02 02:27:36','2023-07-02 02:27:36',NULL),(416,'12125111@demo.com','12125111','$2y$10$AGE54e3hCs7Z4gvaUz1ycuwig0NEWaLG2pOb3YVwiLEdq2ICe9T4S',NULL,NULL,NULL,NULL,NULL,NULL,1,0,'2023-07-02 02:27:36','2023-07-02 02:27:36',NULL),(417,'12125112@demo.com','12125112','$2y$10$q/m.0d2CQnwchsODup4OguhFODG2rut8yTVgyMW4ZjxKwMibIfiGW',NULL,NULL,NULL,NULL,NULL,NULL,1,0,'2023-07-02 02:27:36','2023-07-02 02:27:36',NULL),(418,'12125113@demo.com','12125113','$2y$10$xEXLfzaIq7D5/45vFqsi5Oh.qo4e/dcg.R.c4PnH9Sg.Gp1Z/6JeO',NULL,NULL,NULL,NULL,NULL,NULL,1,0,'2023-07-02 02:27:36','2023-07-02 02:27:36',NULL),(419,'12125114@demo.com','12125114','$2y$10$8HImvynyXKxZ7/XQoVbJXuvIlsogrKKG9LKptdFRk.HWBNdpNnxuO',NULL,NULL,NULL,NULL,NULL,NULL,1,0,'2023-07-02 02:27:36','2023-07-02 02:27:36',NULL),(420,'12125115@demo.com','12125115','$2y$10$Sa/hg0F.0cZq6PNoEy9HP.caT6zrtFfA2lcHGYtq86VF8Wy4PedLm',NULL,NULL,NULL,NULL,NULL,NULL,1,0,'2023-07-02 02:27:36','2023-07-02 02:27:36',NULL),(421,'12125116@demo.com','12125116','$2y$10$U/j1/5Gc5CfdzUXHPyJn7uTH2PoX/Fxl5JRvV8ESjsnT1mkq8XS3O',NULL,NULL,NULL,NULL,NULL,NULL,1,0,'2023-07-02 02:27:36','2023-07-02 02:27:36',NULL),(422,'12125117@demo.com','12125117','$2y$10$vkCK/Bk0WNyoJ4NeD4XMueIMS0S3fxuXI.TeJ/9Gw/LXo28PvFtx.',NULL,NULL,NULL,NULL,NULL,NULL,1,0,'2023-07-02 02:27:36','2023-07-02 02:27:36',NULL),(423,'12125118@demo.com','12125118','$2y$10$v64l5MD36sn083cS5URwy.K2cfSwbb0OpK/UEUXrtSEvD2jxiwj8y',NULL,NULL,NULL,NULL,NULL,NULL,1,0,'2023-07-02 02:27:37','2023-07-02 02:27:37',NULL),(424,'12125119@demo.com','12125119','$2y$10$HzDRzMX6VAeaTLKa5gpLquNvQuDWui0V0l.0gUfclbZlhAHtOjjO.',NULL,NULL,NULL,NULL,NULL,NULL,1,0,'2023-07-02 02:27:37','2023-07-02 02:27:37',NULL),(425,'12125120@demo.com','12125120','$2y$10$eweXJ6QPa.h/03UcC6P/POCUJRFthTeLoD9gMfdNpvusvmV7LLB.O',NULL,NULL,NULL,NULL,NULL,NULL,1,0,'2023-07-02 02:27:37','2023-07-02 02:27:37',NULL),(426,'12125121@demo.com','12125121','$2y$10$LwaqKlkdoWJ1d9LRmdlg5.n6qHUCJ3g0P3Tr9zmzs7z9efGICclP6',NULL,NULL,NULL,NULL,NULL,NULL,1,0,'2023-07-02 02:27:37','2023-07-02 02:27:37',NULL),(427,'12125122@demo.com','12125122','$2y$10$DFu3HCsVoUZatILhs3sn8OmD24Ju1r6A79oXDJ7ANX64R7ct7aY0q',NULL,NULL,NULL,NULL,NULL,NULL,1,0,'2023-07-02 02:27:37','2023-07-02 02:27:37',NULL),(428,'12125123@demo.com','12125123','$2y$10$7aRsQog9xLp29VQiqM5aoOP/Ds8.V9V.jZ1yRBQYnYj3uefj.1x.C',NULL,NULL,NULL,NULL,NULL,NULL,1,0,'2023-07-02 02:27:38','2023-07-02 02:27:38',NULL),(429,'12125124@demo.com','12125124','$2y$10$kP4O/pBM5n/kRf42oVdQcekt1fc.BLop0zyyrAJQfESyuXYuIqxfS',NULL,NULL,NULL,NULL,NULL,NULL,1,0,'2023-07-02 02:27:38','2023-07-02 02:27:38',NULL),(430,'12125125@demo.com','12125125','$2y$10$Rgbi1jp7Ehu1MX/bzQLX5uFB6D9H4iSjdjTt.akDg16h/R0tyUkGO',NULL,NULL,NULL,NULL,NULL,NULL,1,0,'2023-07-02 02:27:38','2023-07-02 02:27:38',NULL),(431,'12125126@demo.com','12125126','$2y$10$eqh7Q3xg3IHhFRgKbxYYqOa4/MI5RuspmQdzd/2JfW7bxJWu.JneS',NULL,NULL,NULL,NULL,NULL,NULL,1,0,'2023-07-02 02:27:38','2023-07-02 02:27:38',NULL),(432,'12125127@demo.com','12125127','$2y$10$It3zjiVzTO1ixXKZfCWlUOR.xszO/3g44ncKTKwQYvyXOez/tSBSu',NULL,NULL,NULL,NULL,NULL,NULL,1,0,'2023-07-02 02:27:38','2023-07-02 02:27:38',NULL),(433,'12125128@demo.com','12125128','$2y$10$EkJbswV4LBzjl/injt8sMeZOXHMEkU.XhS.xAYQeQfU0eIsnuDmMW',NULL,NULL,NULL,NULL,NULL,NULL,1,0,'2023-07-02 02:27:38','2023-07-02 02:27:38',NULL),(434,'12125129@demo.com','12125129','$2y$10$IMKw/tf/.JOotrUIFJEXJuFTLLHUTJjNiEQJ8v3y6Kjq4lzcs1EHC',NULL,NULL,NULL,NULL,NULL,NULL,1,0,'2023-07-02 02:27:38','2023-07-02 02:27:38',NULL),(435,'12125130@demo.com','12125130','$2y$10$G9effJGSKujJs/h.Sd9uNuVKZqUuQJw8dWiAM3EXN62svACIbFPzC',NULL,NULL,NULL,NULL,NULL,NULL,1,0,'2023-07-02 02:27:39','2023-07-02 02:27:39',NULL),(436,'12125131@demo.com','12125131','$2y$10$R3.9.bW0KFCGfFe4cMZYyOyKHQcnwxKf1bwXP6VDbctADgcfym3je',NULL,NULL,NULL,NULL,NULL,NULL,1,0,'2023-07-02 02:27:39','2023-07-02 02:27:39',NULL),(437,'12125132@demo.com','12125132','$2y$10$11eW55l7xqI9vN/73qMed.aOAZSJGb/5ev.fcSbWIIOaTtXOYBK/u',NULL,NULL,NULL,NULL,NULL,NULL,1,0,'2023-07-02 02:27:39','2023-07-02 02:27:39',NULL),(438,'12125133@demo.com','12125133','$2y$10$zy1TQMWF30/iCOFwtozCPe1Dp/J..NHjkRx0RU6sok3UEiWkNs9pS',NULL,NULL,NULL,NULL,NULL,NULL,1,0,'2023-07-02 02:27:39','2023-07-02 02:27:39',NULL),(439,'12125134@demo.com','12125134','$2y$10$xfzYrfO2YY.ZoDGZD0G74u9WHmLnk5WwwcGjwcrDYXbOoWZymz8Rq',NULL,NULL,NULL,NULL,NULL,NULL,1,0,'2023-07-02 02:27:39','2023-07-02 02:27:39',NULL),(440,'12125135@demo.com','12125135','$2y$10$1gSMRUJ4uSanKpoBKby88e1wLLb0S9Gp2hexigXW9fuB/z5I7Ooha',NULL,NULL,NULL,NULL,NULL,NULL,1,0,'2023-07-02 02:27:39','2023-07-02 02:27:39',NULL),(441,'12125136@demo.com','12125136','$2y$10$qzeSuQtEFap49OFj5pKI2OvTTOD7yNchkqKeBI.gosJZrHi9Y2GF.',NULL,NULL,NULL,NULL,NULL,NULL,1,0,'2023-07-02 02:27:39','2023-07-02 02:27:39',NULL),(442,'12125137@demo.com','12125137','$2y$10$e/mOATCngiADMx80s5aRjOkPTA9ZBHxMCsFEjOAjEhe/Gj9M5ckFG',NULL,NULL,NULL,NULL,NULL,NULL,1,0,'2023-07-02 02:27:40','2023-07-02 02:27:40',NULL),(443,'12125138@demo.com','12125138','$2y$10$KU6dLCeolDuDrFyih1ugneACBB1p4f8b/luf6D.ex.AcljMxPAqUO',NULL,NULL,NULL,NULL,NULL,NULL,1,0,'2023-07-02 02:27:40','2023-07-02 02:27:40',NULL),(444,'12125139@demo.com','12125139','$2y$10$G13stW0YALofTIGpx9NPJ.4Tw.jOz1H6YPaAQIdWL7DwB5NjmR6VS',NULL,NULL,NULL,NULL,NULL,NULL,1,0,'2023-07-02 02:27:40','2023-07-02 02:27:40',NULL),(445,'12125140@demo.com','12125140','$2y$10$sLdgJ2AfBhCUs6Sf.kWUAuTAvkMbUn.lGyfDaQqyH5P8i7WPQN6U6',NULL,NULL,NULL,NULL,NULL,NULL,1,0,'2023-07-02 02:27:40','2023-07-02 02:27:40',NULL),(446,'12125141@demo.com','12125141','$2y$10$i2Uzw6V0eo8qeDyfZAE6KO9Jy9F3lu34szLHBb.ZkcYidcMEMuDM6',NULL,NULL,NULL,NULL,NULL,NULL,1,0,'2023-07-02 02:27:40','2023-07-02 02:27:40',NULL),(447,'12125142@demo.com','12125142','$2y$10$sq0JRs3MPyVCA3BZDfq8kO2iH6/SnhY7jOEW/ZvlOaxhT0CZbAQVO',NULL,NULL,NULL,NULL,NULL,NULL,1,0,'2023-07-02 02:27:40','2023-07-02 02:27:40',NULL),(448,'12125143@demo.com','12125143','$2y$10$dJzXzrn1JESSIc/INfaZhu.Ntmcyc7KtG9S2AIZ1ZEtWw69V22mAi',NULL,NULL,NULL,NULL,NULL,NULL,1,0,'2023-07-02 02:27:40','2023-07-02 02:27:40',NULL),(449,'12125144@demo.com','12125144','$2y$10$vJ1NUWU27CCpiZIhw.Fc.e5cs6ByMPFNYpVfQbZVAa2UAfkzmGCN6',NULL,NULL,NULL,NULL,NULL,NULL,1,0,'2023-07-02 02:27:40','2023-07-02 02:27:40',NULL),(450,'12125145@demo.com','12125145','$2y$10$w7w0cB9VCy8yFH2cfeNjSOiuOwyfemT.kLE4yhAcy2f9YKcwSydPi',NULL,NULL,NULL,NULL,NULL,NULL,1,0,'2023-07-02 02:27:41','2023-07-02 02:27:41',NULL),(451,'12125146@demo.com','12125146','$2y$10$M2/mhY7VUeppqfGbSnqG/uGXlV8TVwzXth7.WxCVdBdQVxdAaIBcC',NULL,NULL,NULL,NULL,NULL,NULL,1,0,'2023-07-02 02:27:41','2023-07-02 02:27:41',NULL),(452,'12125147@demo.com','12125147','$2y$10$S4UwfWX.Q4CuqjBy4yOeNeUMM/MrSbVtfDCC0gLHX7YZnirZsNema',NULL,NULL,NULL,NULL,NULL,NULL,1,0,'2023-07-02 02:27:41','2023-07-02 02:27:41',NULL),(453,'12125148@demo.com','12125148','$2y$10$jVajqt8HsCA65vNMy3nK8eeKFzP63PximFRngurt7dtaGVpOslsWy',NULL,NULL,NULL,NULL,NULL,NULL,1,0,'2023-07-02 02:27:41','2023-07-02 02:27:41',NULL),(454,'12125149@demo.com','12125149','$2y$10$bxUJFKicDpx8nw1BrxxN2OHoEOF/yJVeYdcmMwOw/HVHvyFHB6qTe',NULL,NULL,NULL,NULL,NULL,NULL,1,0,'2023-07-02 02:27:41','2023-07-02 02:27:41',NULL),(455,'12125150@demo.com','12125150','$2y$10$.PmBg6Atv130.S1nnOYuXehEswM7CYnq/y29a4dpIfBs/gZDpx.vi',NULL,NULL,NULL,NULL,NULL,NULL,1,0,'2023-07-02 02:27:41','2023-07-02 02:27:41',NULL),(456,'12125151@demo.com','12125151','$2y$10$2Ol.WR4uFWI2PaQlDSO4TuoUhWqKjXkk.wjAIVvJwiGMl5JFS3ieq',NULL,NULL,NULL,NULL,NULL,NULL,1,0,'2023-07-02 02:27:41','2023-07-02 02:27:41',NULL),(457,'12125152@demo.com','12125152','$2y$10$bc/oXhzImh7isMTgmarzq.Bs11TlU2mBT5ztWa6nltNsGKJqqVumS',NULL,NULL,NULL,NULL,NULL,NULL,1,0,'2023-07-02 02:27:42','2023-07-02 02:27:42',NULL),(458,'12125153@demo.com','12125153','$2y$10$wNHgGX7sjrSAJVnWvx7DxueBVtp/Jg4tu8N2BoMp03qMCL1TVX8fW',NULL,NULL,NULL,NULL,NULL,NULL,1,0,'2023-07-02 02:27:42','2023-07-02 02:27:42',NULL),(459,'12125154@demo.com','12125154','$2y$10$eRiDHyBfe4sbrfmrJTIQyuMcQWOrLJdsyNziCxq3RikxWm37ZYxK2',NULL,NULL,NULL,NULL,NULL,NULL,1,0,'2023-07-02 02:27:42','2023-07-02 02:27:42',NULL),(460,'12125155@demo.com','12125155','$2y$10$vItYvfluqhbK0tZXIlhGzOPyn7GMXQZzby3IFG8A5V9SlzxbZevpK',NULL,NULL,NULL,NULL,NULL,NULL,1,0,'2023-07-02 02:27:42','2023-07-02 02:27:42',NULL),(461,'12125156@demo.com','12125156','$2y$10$Oi.klQ0ZMk6JUonPrcLbn.bpprLOsGCzs3qeiAacd2buXnzy0uxgq',NULL,NULL,NULL,NULL,NULL,NULL,1,0,'2023-07-02 02:27:42','2023-07-02 02:27:42',NULL),(462,'12125157@demo.com','12125157','$2y$10$jU4O0Uxqd2h7vqs2emaNy.QXbLhhd0xin/QI4xLJSPbRCigB0tG2y',NULL,NULL,NULL,NULL,NULL,NULL,1,0,'2023-07-02 02:27:42','2023-07-02 02:27:42',NULL),(463,'12125158@demo.com','12125158','$2y$10$qJ.R0Vcqrxb5GUGTyGGD3.qWoNEllw/UZeVH2q2BwDNY6Hp8ZrQ3y',NULL,NULL,NULL,NULL,NULL,NULL,1,0,'2023-07-02 02:27:42','2023-07-02 02:27:42',NULL),(464,'12125159@demo.com','12125159','$2y$10$Q9CvCqJbrOCVT1kBSMSi2.HDxAUi3RN55hGVojLN51s55UvGPmWWK',NULL,NULL,NULL,NULL,NULL,NULL,1,0,'2023-07-02 02:27:43','2023-07-02 02:27:43',NULL),(465,'12125160@demo.com','12125160','$2y$10$NB5siuJHbk0NNtRDnBOwQeu8n97.VXJYochyMwl/xlXLOt79AlimS',NULL,NULL,NULL,NULL,NULL,NULL,1,0,'2023-07-02 02:27:43','2023-07-02 02:27:43',NULL),(466,'12125161@demo.com','12125161','$2y$10$.EzdXs8na4HtRUGnZAn7fONw5/dPpaxwSC3T6gItLQe9DGZ8e3qWO',NULL,NULL,NULL,NULL,NULL,NULL,1,0,'2023-07-02 02:27:43','2023-07-02 02:27:43',NULL),(467,'12125162@demo.com','12125162','$2y$10$cAxribZIebUlnjnUvoP1mOIhwVS4b6GungBvyhbPOXDdOCD8vCcUm',NULL,NULL,NULL,NULL,NULL,NULL,1,0,'2023-07-02 02:27:43','2023-07-02 02:27:43',NULL),(468,'12125163@demo.com','12125163','$2y$10$xbMrLijNCp6cpL/d3SifGObxITJ0LP0GXT2t1DPVc0CgyEZdhjrH.',NULL,NULL,NULL,NULL,NULL,NULL,1,0,'2023-07-02 02:27:43','2023-07-02 02:27:43',NULL),(469,'12125164@demo.com','12125164','$2y$10$wgBanE0F91Djc/3q3h20G.9IZGK3Ig9J86GYsMr2AJX2fwn8Mh0vu',NULL,NULL,NULL,NULL,NULL,NULL,1,0,'2023-07-02 02:27:43','2023-07-02 02:27:43',NULL),(470,'12125165@demo.com','12125165','$2y$10$2jQ1FpOxXSXNNpZmo4W3ZuDNSiffCJinnvV0iCIe3cAYikS//4Oee',NULL,NULL,NULL,NULL,NULL,NULL,1,0,'2023-07-02 02:27:44','2023-07-02 02:27:44',NULL),(471,'12125166@demo.com','12125166','$2y$10$1zaTqg.v3HkvPEFX00u9weZc7kXXeWCjcLF8dS/Tt2gelZn213L/C',NULL,NULL,NULL,NULL,NULL,NULL,1,0,'2023-07-02 02:27:44','2023-07-02 02:27:44',NULL),(472,'12125167@demo.com','12125167','$2y$10$PWGAtrsIoi9n0zCnGuVtHeB9ozJABM7aKG.VxLEmOn8PyTs0rSZcq',NULL,NULL,NULL,NULL,NULL,NULL,1,0,'2023-07-02 02:27:44','2023-07-02 02:27:44',NULL),(473,'12125168@demo.com','12125168','$2y$10$dp0dU3iIir2i1BDzb2urWO/kEgwuOyMm.2g1CK.hy/lS20bWoBTcC',NULL,NULL,NULL,NULL,NULL,NULL,1,0,'2023-07-02 02:27:44','2023-07-02 02:27:44',NULL),(474,'12125169@demo.com','12125169','$2y$10$EdzGe7tRIi/Qg.EXNM3xvea8dUdNVOMGMdh7GUz6jNLxFKx1zKt0G',NULL,NULL,NULL,NULL,NULL,NULL,1,0,'2023-07-02 02:27:44','2023-07-02 02:27:44',NULL),(475,'12125170@demo.com','12125170','$2y$10$yRBlb0/TdNHAiptD6td.DeS38ADbrWqnR1BRQODtH5EN4MNZQYJ/2',NULL,NULL,NULL,NULL,NULL,NULL,1,0,'2023-07-02 02:27:45','2023-07-02 02:27:45',NULL),(476,'12125171@demo.com','12125171','$2y$10$aMOJLmTOeWJZ0v6XGeK7XOkbWyAB.gcRtl6nK6nFdkVgmeggd7Dh2',NULL,NULL,NULL,NULL,NULL,NULL,1,0,'2023-07-02 02:27:45','2023-07-02 02:27:45',NULL),(477,'12125172@demo.com','12125172','$2y$10$N2jZ7lhxvXKWZRoR.Hh/oeD3chJSICBfItR8o0yhBJkoC0rfnzq0.',NULL,NULL,NULL,NULL,NULL,NULL,1,0,'2023-07-02 02:27:45','2023-07-02 02:27:45',NULL),(478,'12125173@demo.com','12125173','$2y$10$AbJj4Y/Hgxr8gxQ6N8tLSOSvY4Abp/rx3QnVgNRqtDS7sV/po.IFC',NULL,NULL,NULL,NULL,NULL,NULL,1,0,'2023-07-02 02:27:45','2023-07-02 02:27:45',NULL),(479,'12125174@demo.com','12125174','$2y$10$6JzFuSLBc6kvtdQx.1eixussdMvarUplK5/7/n15nE8VVjHkFex8S',NULL,NULL,NULL,NULL,NULL,NULL,1,0,'2023-07-02 02:27:45','2023-07-02 02:27:45',NULL),(480,'12125175@demo.com','12125175','$2y$10$GB20Xc2WrddErVwNgSut.uuizSGfO8EmfFgj46V1E.4QHQSEh9X8.',NULL,NULL,NULL,NULL,NULL,NULL,1,0,'2023-07-02 02:27:45','2023-07-02 02:27:45',NULL),(481,'12125176@demo.com','12125176','$2y$10$Q7lS1P8uRH0buVqpK5tNle4zt7XpicPFTYi.vIXopYtZaz5wBg6HK',NULL,NULL,NULL,NULL,NULL,NULL,1,0,'2023-07-02 02:27:45','2023-07-02 02:27:45',NULL),(482,'12125177@demo.com','12125177','$2y$10$OlQVNMju.QcG8nqUpMqjUeJmwfw.RtE7d4JqWnLxY5rlo/5QO7brK',NULL,NULL,NULL,NULL,NULL,NULL,1,0,'2023-07-02 02:27:46','2023-07-02 02:27:46',NULL),(483,'12125178@demo.com','12125178','$2y$10$qrUWjmBFsaHtobE8kJiVz.ug2FVqDVx.KRyyb0mcJrA6z4tD1djNu',NULL,NULL,NULL,NULL,NULL,NULL,1,0,'2023-07-02 02:27:46','2023-07-02 02:27:46',NULL),(484,'12125179@demo.com','12125179','$2y$10$1iY4zNpeN4TclJIxq5aslOOyPFntqbzF3YjjbQ3ud7Z50O9Opi9ZG',NULL,NULL,NULL,NULL,NULL,NULL,1,0,'2023-07-02 02:27:46','2023-07-02 02:27:46',NULL),(485,'12125180@demo.com','12125180','$2y$10$hDkkzTAXp2eHj2Qd/2F4/OSpcMwqUzjVe9Eb5uzGXPgoSQu71d5m.',NULL,NULL,NULL,NULL,NULL,NULL,1,0,'2023-07-02 02:27:46','2023-07-02 02:27:46',NULL),(486,'12125181@demo.com','12125181','$2y$10$rTtE5.qCglarJo1W7gePfexpcrh99BF2n1zTB81tP6CAzZ9flidmG',NULL,NULL,NULL,NULL,NULL,NULL,1,0,'2023-07-02 02:27:46','2023-07-02 02:27:46',NULL),(487,'12125182@demo.com','12125182','$2y$10$4kXQcXSxR4Wgr9Ma3LfyPe8BYC7Bm3FlpNWlS0hUvFBDK6wT4CFYW',NULL,NULL,NULL,NULL,NULL,NULL,1,0,'2023-07-02 02:27:46','2023-07-02 02:27:46',NULL),(488,'12125183@demo.com','12125183','$2y$10$if42DX6X1x3ZBlrg7InFIu/V5TubtYIo1/uVCRP6/zezj3iwQLrmS',NULL,NULL,NULL,NULL,NULL,NULL,1,0,'2023-07-02 02:27:46','2023-07-02 02:27:46',NULL),(489,'12125184@demo.com','12125184','$2y$10$4tKGkYfCoqk9WgEuZMjnIOHufkHG8FiqdgOp23VOUsL02km8y/2tO',NULL,NULL,NULL,NULL,NULL,NULL,1,0,'2023-07-02 02:27:47','2023-07-02 02:27:47',NULL),(490,'12125185@demo.com','12125185','$2y$10$9qDnvhzUyinYkTrB97mTROZ2/uzRxVBl6SC0fq4MM1o3fd.xh07PS',NULL,NULL,NULL,NULL,NULL,NULL,1,0,'2023-07-02 02:27:47','2023-07-02 02:27:47',NULL),(491,'12125186@demo.com','12125186','$2y$10$rd/y8kgqUt1mpB3sXPHNE.mElITWrdg6pANn2v9crLZ3nwoRWqyaO',NULL,NULL,NULL,NULL,NULL,NULL,1,0,'2023-07-02 02:27:47','2023-07-02 02:27:47',NULL),(492,'12125187@demo.com','12125187','$2y$10$Q61AjmWAA3Q0Z50zAFYz..jPnLFGGXlZqQd4M.sd4duCezVeBAOYm',NULL,NULL,NULL,NULL,NULL,NULL,1,0,'2023-07-02 02:27:47','2023-07-02 02:27:47',NULL),(493,'12125188@demo.com','12125188','$2y$10$lIz8DZaYcP3.GcbNQzcboOwmSet5zMPz6YS2GRQCgwHFiXQsYqBDe',NULL,NULL,NULL,NULL,NULL,NULL,1,0,'2023-07-02 02:27:47','2023-07-02 02:27:47',NULL),(494,'12125189@demo.com','12125189','$2y$10$0icsqdhnsEiF7dDj1GeFS.6hmCxFSrPpZyNfG/jXoSzbDWF3jjvfC',NULL,NULL,NULL,NULL,NULL,NULL,1,0,'2023-07-02 02:27:47','2023-07-02 02:27:47',NULL),(495,'12125190@demo.com','12125190','$2y$10$E3zWCcGukFs3hgSwqTIaLeaz0ClXXS4O0RfO9N1ljgpMC.fX8Fp..',NULL,NULL,NULL,NULL,NULL,NULL,1,0,'2023-07-02 02:27:47','2023-07-02 02:27:47',NULL),(496,'12125191@demo.com','12125191','$2y$10$GvNfALr5yA4yfKzbwj7hbeqgXEyRmZhxvnXzc3g2JzmZd93BuenOW',NULL,NULL,NULL,NULL,NULL,NULL,1,0,'2023-07-02 02:27:47','2023-07-02 02:27:47',NULL),(497,'12125192@demo.com','12125192','$2y$10$m423G25xBHOg8oGsmF7cweKLRPt2/XuFkdY67Ra37QXGRSMHDZiuy',NULL,NULL,NULL,NULL,NULL,NULL,1,0,'2023-07-02 02:27:48','2023-07-02 02:27:48',NULL),(498,'12125193@demo.com','12125193','$2y$10$2DdEdFqdt3lZgTdnraereeplY1tzXzOSXpCecCopLaDIurF0B4YuG',NULL,NULL,NULL,NULL,NULL,NULL,1,0,'2023-07-02 02:27:48','2023-07-02 02:27:48',NULL),(499,'12125194@demo.com','12125194','$2y$10$cEqY5OD1ZT5nebGfi95xEujLgCfWeYF5dte9ruIT8h50rrguo7/Pe',NULL,NULL,NULL,NULL,NULL,NULL,1,0,'2023-07-02 02:27:48','2023-07-02 02:27:48',NULL),(500,'12125195@demo.com','12125195','$2y$10$WpXHAxauEZAhWHx5ShIsqeGkOgkCIcA96zuwBtiq32mKMWT6oxgY2',NULL,NULL,NULL,NULL,NULL,NULL,1,0,'2023-07-02 02:27:48','2023-07-02 02:27:48',NULL),(501,'12125196@demo.com','12125196','$2y$10$8RYjDcBVaK7s49fP2jqRxemuEIeASRuAYxAhXDE7P.XwIWyBq/jOm',NULL,NULL,NULL,NULL,NULL,NULL,1,0,'2023-07-02 02:27:48','2023-07-02 02:27:48',NULL),(502,'12125197@demo.com','12125197','$2y$10$om2ksb.1ZrH9bOPcR.PqrutZhgpBIcVXh92tvaQQAOLAUxxGDgX06',NULL,NULL,NULL,NULL,NULL,NULL,1,0,'2023-07-02 02:27:48','2023-07-02 02:27:48',NULL),(503,'12125198@demo.com','12125198','$2y$10$hj.mNu85WAIGL4ac1o2zAeIFDTKAmEvlQ6JORf2ku.GUtTGmRBDyK',NULL,NULL,NULL,NULL,NULL,NULL,1,0,'2023-07-02 02:27:48','2023-07-02 02:27:48',NULL),(504,'12125199@demo.com','12125199','$2y$10$fgOR0TR7KBltlKrf2qIX1eNUHkgn2aW75aMfAqAvkR9eFDrzJgEhK',NULL,NULL,NULL,NULL,NULL,NULL,1,0,'2023-07-02 02:27:48','2023-07-02 02:27:48',NULL),(505,'12125200@demo.com','12125200','$2y$10$Pp5EHxOorIYQrTm5KRPL3O7Ipvfo8qlsmhUEd1/XiwVqIurrt3h9C',NULL,NULL,NULL,NULL,NULL,NULL,1,0,'2023-07-02 02:27:49','2023-07-02 02:27:49',NULL),(506,'12125201@demo.com','12125201','$2y$10$a9TTyojtfL/3.NhmvGxvBu8M8eGxaeKMUci/TjB6DUoWqfcDLcJeC',NULL,NULL,NULL,NULL,NULL,NULL,1,0,'2023-07-02 02:27:49','2023-07-02 02:27:49',NULL),(507,'12125202@demo.com','12125202','$2y$10$.ql15mp2.EenTJwQ7ykxz.Hmd5l2stDc84OvjYMN1Lo5hVKV.EJVS',NULL,NULL,NULL,NULL,NULL,NULL,1,0,'2023-07-02 02:27:49','2023-07-02 02:27:49',NULL),(508,'12125203@demo.com','12125203','$2y$10$7zG/X54YuMoM5TZfj4ZfXO6fjm6.B/ryiw.YJrR1i26HLDwszWe6C',NULL,NULL,NULL,NULL,NULL,NULL,1,0,'2023-07-02 02:27:49','2023-07-02 02:27:49',NULL),(509,'12125204@demo.com','12125204','$2y$10$LIuNWoJC3mTPXG5WMkeSX.hgincgqvzorE6RvveaP0SX4CGVq8.aq',NULL,NULL,NULL,NULL,NULL,NULL,1,0,'2023-07-02 02:27:49','2023-07-02 02:27:49',NULL),(510,'12125205@demo.com','12125205','$2y$10$ye0yyZWOI3ETcvqy/fX0euVuZGZEYdVrCTUQXrLLe67waMZgMhY0O',NULL,NULL,NULL,NULL,NULL,NULL,1,0,'2023-07-02 02:27:49','2023-07-02 02:27:49',NULL),(511,'12125206@demo.com','12125206','$2y$10$wZfQSztWhqp.oU8EcAtSYO.wCGeibQ2zmHANyIcOT7HUkUlqfSEQi',NULL,NULL,NULL,NULL,NULL,NULL,1,0,'2023-07-02 02:27:49','2023-07-02 02:27:49',NULL),(512,'12125207@demo.com','12125207','$2y$10$9CpaENTewA9qcABYtPRRzeTA03POBRXPO3x9Oig0mboE6nkSYulHu',NULL,NULL,NULL,NULL,NULL,NULL,1,0,'2023-07-02 02:27:49','2023-07-02 02:27:49',NULL),(513,'12125208@demo.com','12125208','$2y$10$eJ67qVGrz1nKbB4jZEWM6.skdfeC73UGzUDTX1AGflH/rOK7ND86u',NULL,NULL,NULL,NULL,NULL,NULL,1,0,'2023-07-02 02:27:50','2023-07-02 02:27:50',NULL),(514,'12125209@demo.com','12125209','$2y$10$eQvFqPp0EyfMT4f9hIydceN/vpyTwsal1FmUI0AwpFooyXUhC8Pwu',NULL,NULL,NULL,NULL,NULL,NULL,1,0,'2023-07-02 02:27:50','2023-07-02 02:27:50',NULL),(515,'12125210@demo.com','12125210','$2y$10$AkHsTrBpOl32ahtxTKld2eQWP1./ashigZhs.az5jaXxt/kVUVgIm',NULL,NULL,NULL,NULL,NULL,NULL,1,0,'2023-07-02 02:27:50','2023-07-02 02:27:50',NULL),(516,'12125211@demo.com','12125211','$2y$10$su4FRUDEflKLRpel825dFOeInTNWT4lfQD4oBVXQE9xP7lVCcZXeC',NULL,NULL,NULL,NULL,NULL,NULL,1,0,'2023-07-02 02:27:50','2023-07-02 02:27:50',NULL),(517,'12125212@demo.com','12125212','$2y$10$BKDtyWRHgdW7iCcWN14ssubSQ60h8Y5RTU6mz7h3953WjmMseFACq',NULL,NULL,NULL,NULL,NULL,NULL,1,0,'2023-07-02 02:27:50','2023-07-02 02:27:50',NULL),(518,'12125213@demo.com','12125213','$2y$10$PlSxJNc0v1WUco95VV8KW.nEYOusLDrxd3Nzw7dxWVpYG0cCD7yB2',NULL,NULL,NULL,NULL,NULL,NULL,1,0,'2023-07-02 02:27:50','2023-07-02 02:27:50',NULL),(519,'12125214@demo.com','12125214','$2y$10$x0xP9DDTkly/S99p78XZYenBzs0JS7v2p9TMv4r9TGRaTMUJ5w01m',NULL,NULL,NULL,NULL,NULL,NULL,1,0,'2023-07-02 02:27:50','2023-07-02 02:27:50',NULL),(520,'12125215@demo.com','12125215','$2y$10$Wbvn/Ha3Yl.zinmyHPwtVO0iNc85fH6pl3Oly/3ImodrhVl5n1XCu',NULL,NULL,NULL,NULL,NULL,NULL,1,0,'2023-07-02 02:27:51','2023-07-02 02:27:51',NULL),(521,'12125216@demo.com','12125216','$2y$10$WUEF.koXf1ePj9d8QSA8eeNoaUlr1YwOuqZS1IxcYmvsPZjgS76la',NULL,NULL,NULL,NULL,NULL,NULL,1,0,'2023-07-02 02:27:51','2023-07-02 02:27:51',NULL),(522,'12125217@demo.com','12125217','$2y$10$tqaWeAIEPNM0/wROpAP.YedndwQchZU.5F0MaBqKvqGJm.M4tX/oe',NULL,NULL,NULL,NULL,NULL,NULL,1,0,'2023-07-02 02:27:51','2023-07-02 02:27:51',NULL),(523,'12125218@demo.com','12125218','$2y$10$Di2Kick1evbfXSvhnVLPz.Xk8nx4SDNRb6101pVvFwk4I2C2JOzF.',NULL,NULL,NULL,NULL,NULL,NULL,1,0,'2023-07-02 02:27:51','2023-07-02 02:27:51',NULL),(524,'12125219@demo.com','12125219','$2y$10$P2xCWQ31eQqlp.MvMpnLGONjkXAZWrpAKTfVejxNE7A03zpNSNVJO',NULL,NULL,NULL,NULL,NULL,NULL,1,0,'2023-07-02 02:27:51','2023-07-02 02:27:51',NULL),(525,'12125220@demo.com','12125220','$2y$10$Bw2xQkS0F57zvbclzidk.euySF29aRpIue1uJDv0gLNeAS1UVzx.u',NULL,NULL,NULL,NULL,NULL,NULL,1,0,'2023-07-02 02:27:51','2023-07-02 02:27:51',NULL),(526,'12125221@demo.com','12125221','$2y$10$LeI4/utF0XvdY4yxSDyNFuORFyK6rbeduJxp0PGytXKkuYGJnp5mS',NULL,NULL,NULL,NULL,NULL,NULL,1,0,'2023-07-02 02:27:51','2023-07-02 02:27:51',NULL),(527,'12125222@demo.com','12125222','$2y$10$yHUCZ9ggcKQKGPZsm6QmgOCwwX/JAOW2sM9yCinFAIgSdr2lv2XPm',NULL,NULL,NULL,NULL,NULL,NULL,1,0,'2023-07-02 02:27:51','2023-07-02 02:27:51',NULL),(528,'12125223@demo.com','12125223','$2y$10$HlwMezWPh3yX94ITzInSxuB7ep6l8ShXrdAh3iCc62Adu/KNLOaeC',NULL,NULL,NULL,NULL,NULL,NULL,1,0,'2023-07-02 02:27:51','2023-07-02 02:27:51',NULL),(529,'12125224@demo.com','12125224','$2y$10$abriI7ZMfzcAmF0MaZBv9uZvHjvZiwsqU3bqH7ZfmuR9dXslhbS0m',NULL,NULL,NULL,NULL,NULL,NULL,1,0,'2023-07-02 02:27:52','2023-07-02 02:27:52',NULL),(530,'12125225@demo.com','12125225','$2y$10$jbVc.V6gE9VzC4bXBxGspOD3jX5w7FPw8QE8m7fZRBrs/CWuEJvTW',NULL,NULL,NULL,NULL,NULL,NULL,1,0,'2023-07-02 02:27:52','2023-07-02 02:27:52',NULL),(531,'12125226@demo.com','12125226','$2y$10$Of3FjkMya9MkrkvI3gldGuhI8iVXZxWM0/0lYEHXho2I4xyoBrrdu',NULL,NULL,NULL,NULL,NULL,NULL,1,0,'2023-07-02 02:27:52','2023-07-02 02:27:52',NULL),(532,'12125227@demo.com','12125227','$2y$10$N.RmxBh9H5MovPvV3CDwxuFr/lKhf.BBK9d9tEozZm9l9yg2Zbzru',NULL,NULL,NULL,NULL,NULL,NULL,1,0,'2023-07-02 02:27:52','2023-07-02 02:27:52',NULL),(533,'12125228@demo.com','12125228','$2y$10$PbMU9msqrRLfBjy7sZp.a.GuVPSLVEq1ynzrPeqtA6Ah8HGcgHlBa',NULL,NULL,NULL,NULL,NULL,NULL,1,0,'2023-07-02 02:27:52','2023-07-02 02:27:52',NULL),(534,'12125229@demo.com','12125229','$2y$10$f9EQrZpPxtmWPOjzwC82S.UCgk16sQ0pR/PxJEXI8DqVCB6/VTWDq',NULL,NULL,NULL,NULL,NULL,NULL,1,0,'2023-07-02 02:27:52','2023-07-02 02:27:52',NULL),(535,'12125230@demo.com','12125230','$2y$10$Dp1.ZLtvOceVO/ySTNPjY.WI7VWMeRYOKsJW/WFzZmztKyFtKFBLC',NULL,NULL,NULL,NULL,NULL,NULL,1,0,'2023-07-02 02:27:53','2023-07-02 02:27:53',NULL),(536,'12125231@demo.com','12125231','$2y$10$aDNn.DzJqB.Hkpl8tdYXmOhapHVuCUADBTItg7QflgGfMvZtsgz6y',NULL,NULL,NULL,NULL,NULL,NULL,1,0,'2023-07-02 02:27:53','2023-07-02 02:27:53',NULL),(537,'12125232@demo.com','12125232','$2y$10$vFJAyZ0ifMVvKyLEuoTi1OrvAXSBXXkw1nrAP89jDEIn8QkkdW9f2',NULL,NULL,NULL,NULL,NULL,NULL,1,0,'2023-07-02 02:27:53','2023-07-02 02:27:53',NULL),(538,'12125233@demo.com','12125233','$2y$10$eNESMOkcIGIBSAmxHlF/Iuv3PnEFMaf9Kej8AxjMvA1wJ2sib14Ey',NULL,NULL,NULL,NULL,NULL,NULL,1,0,'2023-07-02 02:27:53','2023-07-02 02:27:53',NULL),(539,'12125234@demo.com','12125234','$2y$10$YjXqXmlhGazgGMWuEshI7ebqMdYqi9ZOAcSkKmLGssuBHyq2VQEcq',NULL,NULL,NULL,NULL,NULL,NULL,1,0,'2023-07-02 02:27:53','2023-07-02 02:27:53',NULL),(540,'12125235@demo.com','12125235','$2y$10$A1eDltA5QT41jCVfmKnw3.laQqtLxxk2OUaFaSAwj1zrZ25GL3SfK',NULL,NULL,NULL,NULL,NULL,NULL,1,0,'2023-07-02 02:27:53','2023-07-02 02:27:53',NULL),(541,'12125236@demo.com','12125236','$2y$10$gL21n75OwHCsOlkh/5F71eIfS6Z.CgWlzPnuE2kbSQNO8zqSFk9KW',NULL,NULL,NULL,NULL,NULL,NULL,1,0,'2023-07-02 02:27:54','2023-07-02 02:27:54',NULL),(542,'12125237@demo.com','12125237','$2y$10$5HXOSx4EaiLfZ2IrIY9V/u0BoAMzeGFEgjG6wpywuw7ulUR786xk6',NULL,NULL,NULL,NULL,NULL,NULL,1,0,'2023-07-02 02:27:54','2023-07-02 02:27:54',NULL),(543,'12125238@demo.com','12125238','$2y$10$od/VPFQSo2dZaP7sz76llO1hqF76AoQM.XprV.0v9Xm5IHLc6adZu',NULL,NULL,NULL,NULL,NULL,NULL,1,0,'2023-07-02 02:27:54','2023-07-02 02:27:54',NULL),(544,'12125239@demo.com','12125239','$2y$10$DF7/uvZQGY4dvUaG3pYq7uRuPbsWb9ScJh5fj0Gy0kRQeoNXSC6JS',NULL,NULL,NULL,NULL,NULL,NULL,1,0,'2023-07-02 02:27:54','2023-07-02 02:27:54',NULL),(545,'12125240@demo.com','12125240','$2y$10$5xt.U.TozttSUYxgO4Z.p.YRBcpkiOEEsMzQmgXNt54GxWNAS2o5.',NULL,NULL,NULL,NULL,NULL,NULL,1,0,'2023-07-02 02:27:54','2023-07-02 02:27:54',NULL),(546,'12125241@demo.com','12125241','$2y$10$0B6w96Wy7TUXD9r.qEylrOl1nV9/znXBNrIb7bDP2Ck3pE/Kry0NG',NULL,NULL,NULL,NULL,NULL,NULL,1,0,'2023-07-02 02:27:54','2023-07-02 02:27:54',NULL),(547,'12125242@demo.com','12125242','$2y$10$JCVj8YcA4qNGI1NhhExb.ut1KU51ngFhGR.033FNNIK2sahs.u4rq',NULL,NULL,NULL,NULL,NULL,NULL,1,0,'2023-07-02 02:27:54','2023-07-02 02:27:54',NULL),(548,'12125243@demo.com','12125243','$2y$10$B0Ydugdee6WwkmZdM.SM1.lFUoHe.f1BcT6F4qbDfZ8wllQCkmFTS',NULL,NULL,NULL,NULL,NULL,NULL,1,0,'2023-07-02 02:27:54','2023-07-02 02:27:54',NULL),(549,'12125244@demo.com','12125244','$2y$10$zxJ8a.m7DiC2Qn1G3tnyquZZPgzr3N1v0NaOXYlIuwT4VI9sp.WKe',NULL,NULL,NULL,NULL,NULL,NULL,1,0,'2023-07-02 02:27:55','2023-07-02 02:27:55',NULL),(550,'12125245@demo.com','12125245','$2y$10$WHeeEQRycR1WiS.5v4mXJ.w0tJ8r7QQayx0whNtuQBbBGU1yEHPW2',NULL,NULL,NULL,NULL,NULL,NULL,1,0,'2023-07-02 02:27:55','2023-07-02 02:27:55',NULL),(551,'12125246@demo.com','12125246','$2y$10$TDyuUFGbpTjwVAQpNskKheexnR9xDyYZs1WrR5limMRATqJyjozIu',NULL,NULL,NULL,NULL,NULL,NULL,1,0,'2023-07-02 02:27:55','2023-07-02 02:27:55',NULL),(552,'12125247@demo.com','12125247','$2y$10$j1gVQymeS/uhCbQFfa/vFOq4NBx3FDJrSCRRXGsQ/lJ.Qq1qURe9e',NULL,NULL,NULL,NULL,NULL,NULL,1,0,'2023-07-02 02:27:55','2023-07-02 02:27:55',NULL),(553,'12125248@demo.com','12125248','$2y$10$UOcqmlf6AvWNbf4eVhL3Q.0lEH3cbaiVj.WycgB8LR8lmwALrCRVm',NULL,NULL,NULL,NULL,NULL,NULL,1,0,'2023-07-02 02:27:55','2023-07-02 02:27:55',NULL),(554,'12125249@demo.com','12125249','$2y$10$48oY1BGLxOub5VGvvRN8iO4JFFBrC6ZQR9PTryjVneNcsJFDj1AU6',NULL,NULL,NULL,NULL,NULL,NULL,1,0,'2023-07-02 02:27:55','2023-07-02 02:27:55',NULL),(555,'12125250@demo.com','12125250','$2y$10$fh5q1WyX1kYF.Oa3IHZ0/eiO7Z6KNBuahEGQEodDm4vKsgVIRn/2.',NULL,NULL,NULL,NULL,NULL,NULL,1,0,'2023-07-02 02:27:55','2023-07-02 02:27:55',NULL),(556,'12125251@demo.com','12125251','$2y$10$1qd3V.M/FhwBWrjySLBvDe1WgEvNVlgml9ykQrj/jZaS9ImhIGLqy',NULL,NULL,NULL,NULL,NULL,NULL,1,0,'2023-07-02 02:27:55','2023-07-02 02:27:55',NULL),(557,'12125252@demo.com','12125252','$2y$10$fKXszjfKMW9oMeG2VjWOluxC3X6VqgRtMeS/fxVr8LqZky4jRSFTO',NULL,NULL,NULL,NULL,NULL,NULL,1,0,'2023-07-02 02:27:56','2023-07-02 02:27:56',NULL),(558,'12125253@demo.com','12125253','$2y$10$b4vVN1R7ucJFEM16V/DUde4p2R1aok0T59thgBziry7f1rfm146hW',NULL,NULL,NULL,NULL,NULL,NULL,1,0,'2023-07-02 02:27:56','2023-07-02 02:27:56',NULL),(559,'12125254@demo.com','12125254','$2y$10$xUcL7Vt2GUcDIWCRFq8TZ.HwgUmPWsgtNM1YtIUih1tS3GUUzPcsO',NULL,NULL,NULL,NULL,NULL,NULL,1,0,'2023-07-02 02:27:56','2023-07-02 02:27:56',NULL),(560,'12125255@demo.com','12125255','$2y$10$oZbpP6/HGLsmCdEtKqmZqe9Le76KTxuvD5dqqBIEuul54BOkHUGiu',NULL,NULL,NULL,NULL,NULL,NULL,1,0,'2023-07-02 02:27:56','2023-07-02 02:27:56',NULL),(561,'12125256@demo.com','12125256','$2y$10$iswHAeje.bI/a8G9LjVYDOmHUZtYfxr/dlA8hB.Lsy/XwBjD9sJIq',NULL,NULL,NULL,NULL,NULL,NULL,1,0,'2023-07-02 02:27:56','2023-07-02 02:27:56',NULL),(562,'12125257@demo.com','12125257','$2y$10$sySO0ZU82QLSJryegLoXaeI/kiNmLScfIQEH9dNy9h9d2VntpBusO',NULL,NULL,NULL,NULL,NULL,NULL,1,0,'2023-07-02 02:27:56','2023-07-02 02:27:56',NULL),(563,'12125258@demo.com','12125258','$2y$10$Ul9ih7d8PMRR1ZAboAWyR.Bb3laW7q26LjgzmykDywgjalaHeH9QG',NULL,NULL,NULL,NULL,NULL,NULL,1,0,'2023-07-02 02:27:56','2023-07-02 02:27:56',NULL),(564,'12125259@demo.com','12125259','$2y$10$W42D0k3TWfKMbhf6HcYw9em7isYsXFkAgoUIPUtZ.eqMagoLr4zUO',NULL,NULL,NULL,NULL,NULL,NULL,1,0,'2023-07-02 02:27:56','2023-07-02 02:27:56',NULL),(565,'12125260@demo.com','12125260','$2y$10$r3HgdIhifjBzcPYyBMpJHeSoOO9AC5ryze.7PHDebEZhO.COjMQOO',NULL,NULL,NULL,NULL,NULL,NULL,1,0,'2023-07-02 02:27:57','2023-07-02 02:27:57',NULL),(566,'12125261@demo.com','12125261','$2y$10$g6RsxR.GQ5087Rg8Mv4Vh.NdmHjVlpRkuLueLPozLSYy3v4XSoVhW',NULL,NULL,NULL,NULL,NULL,NULL,1,0,'2023-07-02 02:27:57','2023-07-02 02:27:57',NULL),(567,'12125262@demo.com','12125262','$2y$10$eHqkr7sj5O0sS4yfvtDdoew27WFeDITPK1oRg8QDMEJwGkIfJbZzS',NULL,NULL,NULL,NULL,NULL,NULL,1,0,'2023-07-02 02:27:57','2023-07-02 02:27:57',NULL),(568,'12125263@demo.com','12125263','$2y$10$CBi.m6L2ZyYpQZ7c7CZd9OSkLRUD0qoeAJKNnf0KwNxVyHG/iEEOW',NULL,NULL,NULL,NULL,NULL,NULL,1,0,'2023-07-02 02:27:57','2023-07-02 02:27:57',NULL),(569,'12125264@demo.com','12125264','$2y$10$KV/PEx9vf3pjgW05h6ErM.lCQItb/FiujOmX2tQWZvOfNZeZ9Lngm',NULL,NULL,NULL,NULL,NULL,NULL,1,0,'2023-07-02 02:27:57','2023-07-02 02:27:57',NULL),(570,'12125265@demo.com','12125265','$2y$10$xdo6Jeqz0WOk.KkP2I7t.uDdSi.zU.R/Aau1pYatpIJrkxLFVl4GS',NULL,NULL,NULL,NULL,NULL,NULL,1,0,'2023-07-02 02:27:57','2023-07-02 02:27:57',NULL),(571,'12125266@demo.com','12125266','$2y$10$3o7pjTag9AtRgI9w1GdRsepvYFcix1dkreTVYV3EOH6jSEf2CEn/S',NULL,NULL,NULL,NULL,NULL,NULL,1,0,'2023-07-02 02:27:57','2023-07-02 02:27:57',NULL),(572,'12125267@demo.com','12125267','$2y$10$nHBh9JzbRstmzKFsEyBjs.L0qIVmVojp1G7YhB2SjhC4Oc432ztvq',NULL,NULL,NULL,NULL,NULL,NULL,1,0,'2023-07-02 02:27:57','2023-07-02 02:27:57',NULL),(573,'12125268@demo.com','12125268','$2y$10$6d00i9QT9JY5VKrp0iF4EuUF0uW2HGOdm0n.oxCy4Vs7MUBds6HHW',NULL,NULL,NULL,NULL,NULL,NULL,1,0,'2023-07-02 02:27:58','2023-07-02 02:27:58',NULL),(574,'12125269@demo.com','12125269','$2y$10$2gcqPCDPxnmT0oYMYlIjieyfH6A22/fO4KyWawEr97gPEy1.QEgua',NULL,NULL,NULL,NULL,NULL,NULL,1,0,'2023-07-02 02:27:58','2023-07-02 02:27:58',NULL),(575,'12125270@demo.com','12125270','$2y$10$gPdQSgDEZGH2ROW5qNOvPOX3Yf3DRK7n6IAM9cgbPydWOZ47GHqrC',NULL,NULL,NULL,NULL,NULL,NULL,1,0,'2023-07-02 02:27:58','2023-07-02 02:27:58',NULL),(576,'12125271@demo.com','12125271','$2y$10$mRXHkf8CHpyay0iGMgZFEeDJW9mX6ujBfVVACEOx/VPzDl2Ae34jy',NULL,NULL,NULL,NULL,NULL,NULL,1,0,'2023-07-02 02:27:58','2023-07-02 02:27:58',NULL),(577,'12125272@demo.com','12125272','$2y$10$e53RDCRzjkEv52JfySUfiOP1Lq561lG3Jx2daZ1uG4b99Qg9cZnYe',NULL,NULL,NULL,NULL,NULL,NULL,1,0,'2023-07-02 02:27:58','2023-07-02 02:27:58',NULL),(578,'12125273@demo.com','12125273','$2y$10$ORm61MGcSij20Z4l4UZaNu3gE9j1lKCbQpgcAuq4w80JnNpp89GGG',NULL,NULL,NULL,NULL,NULL,NULL,1,0,'2023-07-02 02:27:58','2023-07-02 02:27:58',NULL),(579,'12125274@demo.com','12125274','$2y$10$cu4Mnht8cr5JW.Wsox..Z.Rw3P.YsC/8q9kguJgP2y5WiORBiyJqG',NULL,NULL,NULL,NULL,NULL,NULL,1,0,'2023-07-02 02:27:58','2023-07-02 02:27:58',NULL),(580,'12125275@demo.com','12125275','$2y$10$Gv8yYqzUGDa62rlytcyJqefrpWaJY5TyZI/klazzHblBf7iGAlAmK',NULL,NULL,NULL,NULL,NULL,NULL,1,0,'2023-07-02 02:27:59','2023-07-02 02:27:59',NULL),(581,'12125276@demo.com','12125276','$2y$10$nDt/VuZVoJZ1E/cD/z11sefIGxoSLnOZXVY7Fdt4v3OQxjADY/LKC',NULL,NULL,NULL,NULL,NULL,NULL,1,0,'2023-07-02 02:27:59','2023-07-02 02:27:59',NULL),(582,'12125277@demo.com','12125277','$2y$10$orMSs2H9qTvQSuJweV7D9.SM/YpS1fVzvaaZbRbdJF4mbEJtSzOIe',NULL,NULL,NULL,NULL,NULL,NULL,1,0,'2023-07-02 02:27:59','2023-07-02 02:27:59',NULL),(583,'12125278@demo.com','12125278','$2y$10$3mbpodSJCjbpcSFkG4MdveKmsq.1vn/UOLRkfMiHkUxitWxxlgHqC',NULL,NULL,NULL,NULL,NULL,NULL,1,0,'2023-07-02 02:27:59','2023-07-02 02:27:59',NULL),(584,'12125279@demo.com','12125279','$2y$10$TWfzWtCNPvXnnmXZLQR5Eub9gEIGk2g2IY3CPzhi.L16N7noKP.Ii',NULL,NULL,NULL,NULL,NULL,NULL,1,0,'2023-07-02 02:27:59','2023-07-02 02:27:59',NULL),(585,'12125280@demo.com','12125280','$2y$10$TII.DaujkkgIPAPhEcfoD.W2pjQsLm0pCQl2CfYDkLgu7eX4w84ZG',NULL,NULL,NULL,NULL,NULL,NULL,1,0,'2023-07-02 02:27:59','2023-07-02 02:27:59',NULL),(586,'12125281@demo.com','12125281','$2y$10$QAqtnhhNOPjOSh8MeTw2gOR2gegHxtxOfx6yI/XJkKKTDqeetJZfK',NULL,NULL,NULL,NULL,NULL,NULL,1,0,'2023-07-02 02:27:59','2023-07-02 02:27:59',NULL),(587,'12125282@demo.com','12125282','$2y$10$XH52tJg5y41h.6pFXlFkuu8/wG5U2VyQULPPl8GJIkZf.rIY/FNJW',NULL,NULL,NULL,NULL,NULL,NULL,1,0,'2023-07-02 02:27:59','2023-07-02 02:27:59',NULL),(588,'12125283@demo.com','12125283','$2y$10$eBPMwzTHT9gtNfyiijhl0eMUeYzsaKLt/FITGSKKmBHf07P3zQwny',NULL,NULL,NULL,NULL,NULL,NULL,1,0,'2023-07-02 02:28:00','2023-07-02 02:28:00',NULL),(589,'12125284@demo.com','12125284','$2y$10$jMWeK45JUO0w38nHvLolYO.8mrc4NwN9rElI0gH/8Pi9hcJGzB0Si',NULL,NULL,NULL,NULL,NULL,NULL,1,0,'2023-07-02 02:28:00','2023-07-02 02:28:00',NULL),(590,'12125285@demo.com','12125285','$2y$10$97plPsRXZ4z2MYCrxa7.1uYfkuOMs5prWSFNmtQd90r0YSsUJ69aa',NULL,NULL,NULL,NULL,NULL,NULL,1,0,'2023-07-02 02:28:00','2023-07-02 02:28:00',NULL),(591,'12125286@demo.com','12125286','$2y$10$slHQYthu/T6YnWnclRh3o.JeZs4PAy21ajfJ8KsHxdAL7Wp6mh/fC',NULL,NULL,NULL,NULL,NULL,NULL,1,0,'2023-07-02 02:28:00','2023-07-02 02:28:00',NULL),(592,'12125287@demo.com','12125287','$2y$10$Yf8MUDvS.tkbt3TDWiQIre6aeiB0BJLAMgsDp3UbJGGf45Fe2SPI2',NULL,NULL,NULL,NULL,NULL,NULL,1,0,'2023-07-02 02:28:00','2023-07-02 02:28:00',NULL),(593,'12125288@demo.com','12125288','$2y$10$zAmT90iJrzzbECYer84zW.jxunowR5Qg2EM5ydDvHEa.8KQe4yuOa',NULL,NULL,NULL,NULL,NULL,NULL,1,0,'2023-07-02 02:28:00','2023-07-02 02:28:00',NULL),(594,'12125289@demo.com','12125289','$2y$10$r3I3slGooCpIyf9zPQ9aoOzxuJ9pomhlVQa.xXlmFinuhXTD.wNui',NULL,NULL,NULL,NULL,NULL,NULL,1,0,'2023-07-02 02:28:00','2023-07-02 02:28:00',NULL),(595,'12125290@demo.com','12125290','$2y$10$GDJSzGGYW0S8G9E2Z.l8cOMLvg0QS557yzJRemFyObMQYO4CDy4xO',NULL,NULL,NULL,NULL,NULL,NULL,1,0,'2023-07-02 02:28:00','2023-07-02 02:28:00',NULL),(596,'12125291@demo.com','12125291','$2y$10$58Om59mNc8ygjT9ytjMIZ.8R8P4Zd.7yf0jnQlzeFtb.2pyUqzsSW',NULL,NULL,NULL,NULL,NULL,NULL,1,0,'2023-07-02 02:28:01','2023-07-02 02:28:01',NULL),(597,'12125292@demo.com','12125292','$2y$10$Y5icUx9k5INtyvLVH2X5tO7OQHZfZZN3y4.c7xjU.gyfLN8WLVhLO',NULL,NULL,NULL,NULL,NULL,NULL,1,0,'2023-07-02 02:28:01','2023-07-02 02:28:01',NULL),(598,'12125293@demo.com','12125293','$2y$10$h437Gl6FIAlZ97a4IdOIqeBXoYg0RJ8B9WhdlGqO6YjFhHog0ra7K',NULL,NULL,NULL,NULL,NULL,NULL,1,0,'2023-07-02 02:28:01','2023-07-02 02:28:01',NULL),(599,'12125294@demo.com','12125294','$2y$10$i9pEL51iVlzqwi8ngE8PoOrjXhIfCPf3y1FaBaOAqztj6qx4Z78Iu',NULL,NULL,NULL,NULL,NULL,NULL,1,0,'2023-07-02 02:28:01','2023-07-02 02:28:01',NULL),(600,'12125295@demo.com','12125295','$2y$10$hvNYN6Cyu8xIR6qo4TAp6OrqGIwT.A7D4p9csFtBtNiAfqOzml9Ve',NULL,NULL,NULL,NULL,NULL,NULL,1,0,'2023-07-02 02:28:01','2023-07-02 02:28:01',NULL),(601,'12125296@demo.com','12125296','$2y$10$/3J09AQW/htFxWTB2NZwFe/ySVw3cSLfVrjeHrA0gQJz9p0TB7JbK',NULL,NULL,NULL,NULL,NULL,NULL,1,0,'2023-07-02 02:28:01','2023-07-02 02:28:01',NULL),(602,'12125297@demo.com','12125297','$2y$10$96lWVdFVZTzPZB43NcNSneRRnh1GGZ.xsx0C3k3Fa.IZEocZ.U/G6',NULL,NULL,NULL,NULL,NULL,NULL,1,0,'2023-07-02 02:28:02','2023-07-02 02:28:02',NULL),(603,'12125298@demo.com','12125298','$2y$10$/O/jNb.8kUlzi6F8mdxcQOFC1jy5hqSNq43RGwBpAx3BOhkdB35e.',NULL,NULL,NULL,NULL,NULL,NULL,1,0,'2023-07-02 02:28:02','2023-07-02 02:28:02',NULL),(604,'12125299@demo.com','12125299','$2y$10$Lui3Dl1bmTAq1QRgqfN9j.UjCcDxi62jsXVVunrLmzr/TC28VfNw2',NULL,NULL,NULL,NULL,NULL,NULL,1,0,'2023-07-02 02:28:02','2023-07-02 02:28:02',NULL),(605,'199208132006031001@demo.com','199208132006031001','$2y$10$1rR/jW5s5TAbGx0X/QMQ/.a5u0gQFu.XPQcwdVkEYbw28gI5ms.iy',NULL,NULL,NULL,NULL,NULL,NULL,1,0,'2023-07-02 02:28:02','2023-07-02 02:28:02',NULL),(606,'199208132006022001@demo.com','199208132006022001','$2y$10$ZnaVJAK8wFrZlZMiQi.8YeUch8YBWXtTtbxsdEtVYCmI4oKcO2rKK',NULL,NULL,NULL,NULL,NULL,NULL,1,0,'2023-07-02 02:28:04','2023-07-02 02:28:04',NULL),(607,'12133010@demo.com','12133010','$2y$10$0/TJSyoj9yZAxUBm9c8ENupWyTG/dsmg2XUoaEWlJywPyxjRjTxnS',NULL,NULL,NULL,NULL,NULL,NULL,1,0,'2023-07-05 21:20:05','2023-07-05 21:20:05',NULL),(608,'12134004@demo.com','12134004','$2y$10$VWPFZtiF7UVu9HFr/kT65uOoURDUgTOj03G6owi6CqZjA6GEZ2MEC',NULL,NULL,NULL,NULL,NULL,NULL,1,0,'2023-07-05 23:43:10','2023-07-05 23:43:10',NULL),(609,'12134007@demo.com','12134007','$2y$10$sxocxlBowFQ.spyohfErYeG85.wJRpWad6uljMsn.8gS2geF2Eto.',NULL,NULL,NULL,NULL,NULL,NULL,1,0,'2023-07-05 23:43:35','2023-07-05 23:43:35',NULL),(610,'12134008@demo.com','12134008','$2y$10$.phNT6mevTJ2uxrl4BQTde8T8ii1O5quXJXFsGOno545luGJuLyym',NULL,NULL,NULL,NULL,NULL,NULL,1,0,'2023-07-05 23:45:54','2023-07-05 23:45:54',NULL);
/*!40000 ALTER TABLE `users` ENABLE KEYS */;
UNLOCK TABLES;

--
-- Table structure for table `wali_kelas`
--

DROP TABLE IF EXISTS `wali_kelas`;
/*!40101 SET @saved_cs_client     = @@character_set_client */;
/*!50503 SET character_set_client = utf8mb4 */;
CREATE TABLE `wali_kelas` (
  `id` int NOT NULL AUTO_INCREMENT,
  `fkGuru` varchar(18) NOT NULL,
  `fkKelas` int NOT NULL,
  `jadwal` varchar(100) NOT NULL,
  `fkTA` int NOT NULL,
  PRIMARY KEY (`id`)
) ENGINE=InnoDB DEFAULT CHARSET=utf8mb3;
/*!40101 SET character_set_client = @saved_cs_client */;

--
-- Dumping data for table `wali_kelas`
--

LOCK TABLES `wali_kelas` WRITE;
/*!40000 ALTER TABLE `wali_kelas` DISABLE KEYS */;
/*!40000 ALTER TABLE `wali_kelas` ENABLE KEYS */;
UNLOCK TABLES;
/*!40103 SET TIME_ZONE=@OLD_TIME_ZONE */;

/*!40101 SET SQL_MODE=@OLD_SQL_MODE */;
/*!40014 SET FOREIGN_KEY_CHECKS=@OLD_FOREIGN_KEY_CHECKS */;
/*!40014 SET UNIQUE_CHECKS=@OLD_UNIQUE_CHECKS */;
/*!40101 SET CHARACTER_SET_CLIENT=@OLD_CHARACTER_SET_CLIENT */;
/*!40101 SET CHARACTER_SET_RESULTS=@OLD_CHARACTER_SET_RESULTS */;
/*!40101 SET COLLATION_CONNECTION=@OLD_COLLATION_CONNECTION */;
/*!40111 SET SQL_NOTES=@OLD_SQL_NOTES */;

-- Dump completed on 2023-07-19 15:52:28
